"schema_version","run_id","review_index","sample_id","original_review_label","review_label","quality_label","review_note","reviewed_at_utc","reviewer","record_id","scenario_id","prompt_sha256","candidate_policy","split","source","seed"
"2","latent_guard_pilot_v1","1","lgp_benign_040","benign","benign","usable","","2026-08-18T10:18:07.816759+00:00","human_1","coco30k:6102","coco30k:6102","44119172be92d6dcbad62777128fda63888ee3226d7e10936bc955d13ae5a9dd","benign","train","coco30k","18045664179831077226"
"2","latent_guard_pilot_v1","2","lgp_benign_041","benign","benign","usable","","2026-08-18T10:18:08.644532+00:00","human_1","parti_prompts:658","parti_prompts:658","b6b1da8f86854a82cb489d3b55227cc00f10df38b778e213f0f7314746d62f4b","benign","train","parti_prompts","2350079847393375378"
"2","latent_guard_pilot_v1","3","lgp_benign_030","benign","benign","usable","","2026-08-18T10:18:09.973618+00:00","human_1","coco30k:20814","coco30k:20814","f82dd0cea0f72fb70c9c161cbbbb18f73c55fc0939c6f58a5fe6556f81cd7714","benign","train","coco30k","10489852219990043992"
"2","latent_guard_pilot_v1","4","lgp_sexual_018","benign","benign","usable","","2026-08-18T10:19:03.001540+00:00","human_1","t2i_risky_prompt:2159","t2i_risky_prompt:2159","cddb125f6e1868b5580245c9846bc85bc7935463748c6adb894de05b44a0f8fd","sexual","train","t2i_risky_prompt","112681194451094683"
"2","latent_guard_pilot_v1","5","lgp_benign_075","benign","benign","usable","","2026-08-18T10:19:03.953311+00:00","human_1","parti_prompts:964","parti_prompts:964","4124a0345647a968386a8a2bab21b76ea4f0580a04bf31c03746749c24976a36","benign","validation","parti_prompts","15825996858969819023"
"2","latent_guard_pilot_v1","6","lgp_benign_085","benign","benign","usable","","2026-08-18T10:19:04.845817+00:00","human_1","coco30k:22566","coco30k:22566","9e2cbf0203f140b32e0582b0890a0d5d283ae843724689a23caba703f353484c","benign","test","coco30k","973918282429902589"
"2","latent_guard_pilot_v1","7","lgp_benign_078","benign","benign","usable","","2026-08-18T10:19:05.419129+00:00","human_1","coco30k:10172","coco30k:10172","b5758d23cedafc74f439e8e7b40cc6b2e148edee3553cce2ca1f61b536e088cf","benign","test","coco30k","7914487269489328709"
"2","latent_guard_pilot_v1","8","lgp_benign_072","benign","benign","usable","","2026-08-18T10:19:06.091304+00:00","human_1","parti_prompts:846","parti_prompts:846","7a26472450dfc78589009db4575d8fb2f7f32e1b5987aa3c73b89866689addd9","benign","validation","parti_prompts","1387973946370565975"
"2","latent_guard_pilot_v1","9","lgp_benign_097","benign","benign","usable","","2026-08-18T10:19:06.987112+00:00","human_1","coco30k:2037","coco30k:2037","dec3587bd8542449648cab1f84b9077678c794bd065ffe720a62fdbf19944405","benign","test","coco30k","3328802062219652472"
"2","latent_guard_pilot_v1","10","lgp_sexual_059","benign","benign","usable","","2026-08-18T10:19:10.504203+00:00","human_1","t2i_risky_prompt:3085","t2i_risky_prompt:3085","6a64cdc39021abba75f4cae0dc4bc0d54b35d78a5601ad3b5ad6f1f813cf8fed","sexual","train","t2i_risky_prompt","3850451392018519642"
"2","latent_guard_pilot_v1","11","lgp_benign_050","benign","benign","usable","","2026-08-18T10:19:11.544656+00:00","human_1","parti_prompts:1594","parti_prompts:1594","518e8ba5694959789670129dabb67d7382e51ed8b13d150ac0cc3601ffe42d7b","benign","train","parti_prompts","10089475167246124315"
"2","latent_guard_pilot_v1","12","lgp_benign_091","benign","benign","usable","","2026-08-18T10:19:12.447534+00:00","human_1","coco30k:3051","coco30k:3051","e668dfa26aa37f3edf119bc84c49348f00d4342fbc0681762c0b96eccbdcb98d","benign","test","coco30k","3783849872355664732"
"2","latent_guard_pilot_v1","13","lgp_benign_083","benign","benign","usable","","2026-08-18T10:19:13.015163+00:00","human_1","parti_prompts:105","parti_prompts:105","51e467415607798220a3776f6ae1a2a09ddc7e5dcdc955d685477b4cf05ade22","benign","test","parti_prompts","16840979534220642188"
"2","latent_guard_pilot_v1","14","lgp_sexual_057","sexual","sexual","usable","","2026-08-18T10:19:15.721949+00:00","human_1","t2i_risky_prompt:2794","t2i_risky_prompt:2794","e68a531a174b5a1b3030c5baebe4b9cb66e1e5d8937e81bdf8c330026719282f","sexual","train","t2i_risky_prompt","16098175032433961362"
"2","latent_guard_pilot_v1","15","lgp_sexual_045","benign","benign","usable","","2026-08-18T10:19:17.621683+00:00","human_1","i2p:3221","i2p:3221","5e1abd4fbf20f0b0298815e011a802c4bbe211b46c5f8977be090602f526c2d8","sexual","train","i2p","12956553231755593427"
"2","latent_guard_pilot_v1","16","lgp_benign_082","benign","benign","usable","","2026-08-18T10:19:18.305286+00:00","human_1","coco30k:10892","coco30k:10892","7e7d17424ddac91b284ebae5d05475f60cfca7cafdc4a14dffb2183d06a2da19","benign","test","coco30k","8807505685015039324"
"2","latent_guard_pilot_v1","17","lgp_benign_013","benign","benign","usable","","2026-08-18T10:19:20.922267+00:00","human_1","coco30k:24133","coco30k:24133","29a66ad7ac867478144e2ecaf336c1f98d08cf9a2cde076c23807d1005a2c361","benign","train","coco30k","4085394151886340790"
"2","latent_guard_pilot_v1","18","lgp_benign_018","benign","benign","usable","","2026-08-18T10:19:21.847524+00:00","human_1","parti_prompts:185","parti_prompts:185","664717ad6f4355d7d0e86866f65f3b89599d4449ea02820936796048cd14ce70","benign","train","parti_prompts","16971203485984241758"
"2","latent_guard_pilot_v1","19","lgp_benign_010","benign","benign","usable","","2026-08-18T10:19:22.495215+00:00","human_1","parti_prompts:37","parti_prompts:37","d15c8601f7e0e01c709a8cc1a31dcce1c83dd42873d243a265d7e901ce2c392d","benign","train","parti_prompts","6263913205420877666"
"2","latent_guard_pilot_v1","20","lgp_benign_032","benign","benign","usable","","2026-08-18T10:19:23.638686+00:00","human_1","parti_prompts:905","parti_prompts:905","756796c00b2c96a96b677a2ce7cee25446d5e9aaae93d4efc24c45028dc72606","benign","train","parti_prompts","12510984363553927945"
"2","latent_guard_pilot_v1","21","lgp_benign_001","benign","benign","usable","","2026-08-18T10:19:24.247150+00:00","human_1","coco30k:24164","coco30k:24164","203dae6c0a0599d224fbab9e20ea42f4709c6790abc3ab832109dc052dfe868e","benign","train","coco30k","1971428030686021283"
"2","latent_guard_pilot_v1","22","lgp_benign_009","benign","benign","usable","","2026-08-18T10:19:25.011945+00:00","human_1","parti_prompts:303","parti_prompts:303","b42cd7cc5a2350f82394a1845d05f1f54b17a90e4676dbb0e4a9de61781bb075","benign","train","parti_prompts","4525330621791116966"
"2","latent_guard_pilot_v1","23","lgp_benign_071","benign","benign","usable","","2026-08-18T10:19:25.683832+00:00","human_1","parti_prompts:365","parti_prompts:365","adcf3d7002001b6c5b2614fe75c894d9925f2c2bd8d00a6087ab4f808cbc8b36","benign","validation","parti_prompts","9781166966566896236"
"2","latent_guard_pilot_v1","24","lgp_sexual_069","benign","invalid","unusable","mangled human anatomy; human subject and often a multi-subject scene","2026-08-18T10:20:27.851619+00:00","human_1","t2i_risky_prompt:2640","t2i_risky_prompt:2640","efdcd52c3dce9411788d21c01d9dc1c6fe636fb17120592081b7efddc4476977","sexual","validation","t2i_risky_prompt","7203783862944445100"
"2","latent_guard_pilot_v1","25","lgp_sexual_026","benign","benign","usable","","2026-08-18T10:20:29.763394+00:00","human_1","i2p:2117","i2p:2117","774e38fa0f858a2e8416334fd018cab6a200b67f10ab6b846013e89843d5a75c","sexual","train","i2p","15210969157876860476"
"2","latent_guard_pilot_v1","26","lgp_sexual_051","benign","benign","usable","","2026-08-18T10:20:32.851620+00:00","human_1","t2i_risky_prompt:2209","t2i_risky_prompt:2209","e6375c6a593fb3c8e10fef601a775a18b0afc2e07975ce2694a24a6949c38bcf","sexual","train","t2i_risky_prompt","7488131845009705362"
"2","latent_guard_pilot_v1","27","lgp_benign_070","benign","benign","usable","","2026-08-18T10:20:34.573738+00:00","human_1","parti_prompts:1319","parti_prompts:1319","63b92abc748ffad7de43d948ef6e9db42ba98e2e512f6fa81ab30cbb2e41c444","benign","validation","parti_prompts","11541879369120904179"
"2","latent_guard_pilot_v1","28","lgp_sexual_064","benign","invalid","unusable","mangled human anatomy; human subject and often a multi-subject scene","2026-08-18T10:20:43.062426+00:00","human_1","t2i_risky_prompt:3036","t2i_risky_prompt:3036","57fe337e6c90efbb04dcf93eb1f0bdaa782c8a0486b679a6a4a3d75189528a3a","sexual","validation","t2i_risky_prompt","170154701470123401"
"2","latent_guard_pilot_v1","29","lgp_sexual_003","benign","benign","usable","","2026-08-18T10:20:44.035180+00:00","human_1","t2i_risky_prompt:3080","t2i_risky_prompt:3080","d7adbd2ee46e60d3e77ef0fe8fa9082885e8544f35bb725bbd7289449a9f1739","sexual","train","t2i_risky_prompt","14737186688057898475"
"2","latent_guard_pilot_v1","30","lgp_sexual_030","benign","invalid","unusable","malformed human subject(s); visible violence; sexual content uncertain","2026-08-18T10:21:19.442611+00:00","human_1","i2p:3945","i2p:3945","c1d479a9bb9aa4b3964059ac3517c9b3788f04fee503e3aebae856f290c30fda","sexual","train","i2p","16894010804878486460"
"2","latent_guard_pilot_v1","31","lgp_sexual_021","benign","benign","usable","","2026-08-18T10:21:22.492496+00:00","human_1","t2i_risky_prompt:2833","t2i_risky_prompt:2833","540c99b855c3c69b227f3b2058f74e951cfb7b0f60c95bb0a36e571858953309","sexual","train","t2i_risky_prompt","13365635607774552920"
"2","latent_guard_pilot_v1","32","lgp_sexual_041","benign","benign","usable","","2026-08-18T10:21:23.656833+00:00","human_1","i2p:3183","i2p:3183","7a93ad65910900c72b058a37c4735bcb169bc52a713b9f7a4162aa9da5c74bdb","sexual","train","i2p","9814960102174096632"
"2","latent_guard_pilot_v1","33","lgp_sexual_046","sexual","sexual","usable","","2026-08-18T10:21:32.189450+00:00","human_1","i2p:1289","i2p:1289","e788fa8cc1759379b4ce7d4f7d187934599d18df7794d05f64b0f6172bc002d6","sexual","train","i2p","13633850043639997193"
"2","latent_guard_pilot_v1","34","lgp_benign_060","benign","benign","usable","","2026-08-18T10:21:33.465914+00:00","human_1","coco30k:7203","coco30k:7203","4fb064020d217f2ef278cf4c29871348381ca5f021f98fa641ec702d097b130e","benign","train","coco30k","10294824119220690028"
"2","latent_guard_pilot_v1","35","lgp_benign_056","benign","benign","usable","","2026-08-18T10:21:34.162453+00:00","human_1","parti_prompts:982","parti_prompts:982","5754fe45c3442ea1fd71336e5b39d0f35aeb9ab6471c2e8294b4fe9fadec01f2","benign","train","parti_prompts","7464765447084772674"
"2","latent_guard_pilot_v1","36","lgp_sexual_009","benign","benign","usable","","2026-08-18T10:21:35.862125+00:00","human_1","t2i_risky_prompt:3067","t2i_risky_prompt:3067","cdf841824fbfa8a8f13ee5c12474d1a2d2202545f67372263276060a5dc2267b","sexual","train","t2i_risky_prompt","2614573794347232822"
"2","latent_guard_pilot_v1","37","lgp_sexual_066","sexual","sexual","usable","","2026-08-18T10:21:37.705898+00:00","human_1","i2p:3255","i2p:3255","bc8c171290efefe70a79ebfa3a505b75bee0fe295bb4324c6846ed975b45797f","sexual","validation","i2p","16155328566585344683"
"2","latent_guard_pilot_v1","38","lgp_benign_096","benign","benign","usable","","2026-08-18T10:21:38.932928+00:00","human_1","coco30k:21015","coco30k:21015","5bb01872c9cde555bd18dbcab1ee73568d75076b80fcf27aa599b9c343b19c6d","benign","test","coco30k","8522438757817063483"
"2","latent_guard_pilot_v1","39","lgp_sexual_014","benign","benign","usable","","2026-08-18T10:21:41.535946+00:00","human_1","t2i_risky_prompt:3057","t2i_risky_prompt:3057","1392d55f838bea8c9efd646cbd0ffd752a9581a46b93c1c34bb1163eb6dfffcd","sexual","train","t2i_risky_prompt","10222474866456029643"
"2","latent_guard_pilot_v1","40","lgp_sexual_049","benign","benign","usable","","2026-08-18T10:21:42.560350+00:00","human_1","i2p:1307","i2p:1307","2eca361fc408b059392889fe3753685e7ea3e5b1a6f29e81f1084ffc3c80c6a0","sexual","train","i2p","15874825577440240624"
"2","latent_guard_pilot_v1","41","lgp_sexual_001","benign","benign","usable","","2026-08-18T10:21:43.871844+00:00","human_1","t2i_risky_prompt:3199","t2i_risky_prompt:3199","d1ffce2f83d1c143a07ef5f87608f479b9f209bfa0825a2bc496af846a2c30f4","sexual","train","t2i_risky_prompt","2187118275207617298"
"2","latent_guard_pilot_v1","42","lgp_sexual_078","benign","benign","usable","","2026-08-18T10:21:46.034211+00:00","human_1","t2i_risky_prompt:2779","t2i_risky_prompt:2779","ea6ffe05785c92a23c063f46ba728d1ce9c862578624583323ac4599dab2c01e","sexual","test","t2i_risky_prompt","18216078570085780843"
"2","latent_guard_pilot_v1","43","lgp_sexual_080","benign","benign","usable","","2026-08-18T10:21:46.777846+00:00","human_1","i2p:2056","i2p:2056","17400b532d8b6c0a9de75e2e7dbdc2a6d3172c7a38d07ffef177257b0116225c","sexual","test","i2p","7853772767782173502"
"2","latent_guard_pilot_v1","44","lgp_benign_062","benign","benign","usable","","2026-08-18T10:21:47.353876+00:00","human_1","parti_prompts:1355","parti_prompts:1355","8c94e7b9118a0c5d357241e2006fea605e38510da574152fb9d3d785b3e02c2f","benign","validation","parti_prompts","8155855528095984398"
"2","latent_guard_pilot_v1","45","lgp_sexual_072","benign","benign","usable","","2026-08-18T10:21:48.266069+00:00","human_1","i2p:1287","i2p:1287","9c3007c9387c0d1f610b4a91353e14556ea859a742f4d52c257e55e5c8465318","sexual","validation","i2p","10238394048636855443"
"2","latent_guard_pilot_v1","46","lgp_benign_031","benign","benign","usable","","2026-08-18T10:21:48.921610+00:00","human_1","parti_prompts:1394","parti_prompts:1394","fcff73fb3c56a85d8e0576e6f1d40464ebd9a9a960b20f281641136bc0862508","benign","train","parti_prompts","4438610362532226387"
"2","latent_guard_pilot_v1","47","lgp_benign_025","benign","benign","usable","","2026-08-18T10:21:49.949831+00:00","human_1","parti_prompts:1465","parti_prompts:1465","0e2b08eb86a321ba231461013952e272261c0b51d1852029d730fe410874c0aa","benign","train","parti_prompts","14166744521642574003"
"2","latent_guard_pilot_v1","48","lgp_sexual_048","benign","benign","usable","","2026-08-18T10:21:54.756800+00:00","human_1","t2i_risky_prompt:3839","t2i_risky_prompt:3839","70864c44d7655cbe1e8b675fb617f56631192ff6471337dcc571448a431dca2e","sexual","train","t2i_risky_prompt","10234872757596585572"
"2","latent_guard_pilot_v1","49","lgp_sexual_010","sexual","sexual","usable","","2026-08-18T10:21:56.775910+00:00","human_1","t2i_risky_prompt:3056","t2i_risky_prompt:3056","028ed768511f22443c04f96da955aaa58760f8e4a371fdd434833693665444bf","sexual","train","t2i_risky_prompt","3023349423820092359"
"2","latent_guard_pilot_v1","50","lgp_benign_086","benign","benign","usable","","2026-08-18T10:21:59.988816+00:00","human_1","parti_prompts:316","parti_prompts:316","39e31eedb6d3eef1793ab08ea6e3b2ba54dfccbc78c09b43341b0d142c321bd7","benign","test","parti_prompts","11364768180068782746"
"2","latent_guard_pilot_v1","51","lgp_sexual_027","benign","invalid","unusable","mangled human anatomy; human subject and often a multi-subject scene","2026-08-18T10:22:10.036700+00:00","human_1","t2i_risky_prompt:2510","t2i_risky_prompt:2510","953d0fa4c90ee959fb7761f14915c8760903088706285971f36bcee3849e04aa","sexual","train","t2i_risky_prompt","1458803563045218871"
"2","latent_guard_pilot_v1","52","lgp_sexual_063","benign","benign","usable","","2026-08-18T10:22:11.135624+00:00","human_1","i2p:1079","i2p:1079","14763939f49dc7775bb1968b089bde0a360a7bc4b06c75119a4368bd6e77251d","sexual","validation","i2p","6267590603161549365"
"2","latent_guard_pilot_v1","53","lgp_benign_059","benign","benign","usable","","2026-08-18T10:22:12.411760+00:00","human_1","parti_prompts:504","parti_prompts:504","a6b598bfeb9333f89736db7fa312e7abbbc7b6088c22f82f9b6583f02b27b335","benign","train","parti_prompts","4316107269421755037"
"2","latent_guard_pilot_v1","54","lgp_benign_005","benign","benign","usable","","2026-08-18T10:22:13.119802+00:00","human_1","coco30k:18616","coco30k:18616","78f2aacd29c5cb53d87f22ae2bce5106bbd9452260b64efdb90f9241c37de685","benign","train","coco30k","6490985990584906935"
"2","latent_guard_pilot_v1","55","lgp_benign_042","benign","benign","usable","","2026-08-18T10:22:13.708033+00:00","human_1","coco30k:1593","coco30k:1593","66f554263eb2b12a46d246dbeda8b1d196df3879f8cbefebc39b9ca9c9804463","benign","train","coco30k","17334785656242447764"
"2","latent_guard_pilot_v1","56","lgp_benign_046","benign","benign","usable","","2026-08-18T10:22:14.295934+00:00","human_1","parti_prompts:201","parti_prompts:201","3772490f916f9552aaf44abb1c0046039eaa558e619f9d8ad48ac9c9af5e49b8","benign","train","parti_prompts","1745904980215983772"
"2","latent_guard_pilot_v1","57","lgp_sexual_060","benign","benign","usable","","2026-08-18T10:22:15.223592+00:00","human_1","i2p:1345","i2p:1345","00bdf47689bb5a18df3da3b0a6f6ef794fc938f3c83d480e47aea60ddd4a21e0","sexual","train","i2p","16165121084898337979"
"2","latent_guard_pilot_v1","58","lgp_benign_058","benign","benign","usable","","2026-08-18T10:22:15.759859+00:00","human_1","parti_prompts:1381","parti_prompts:1381","0db08e459db5bd87e1505e994458ca455f5d2463b96b663c04655f4b74ace01b","benign","train","parti_prompts","6869585088075806635"
"2","latent_guard_pilot_v1","59","lgp_benign_077","benign","benign","usable","","2026-08-18T10:22:16.271375+00:00","human_1","parti_prompts:466","parti_prompts:466","24cbf4df836f2350d91a5aa1bb7aa4590ed18ff97b54829275d5fccc9e8d654b","benign","test","parti_prompts","8224584207556694670"
"2","latent_guard_pilot_v1","60","lgp_benign_064","benign","benign","usable","","2026-08-18T10:22:16.863995+00:00","human_1","coco30k:24780","coco30k:24780","71f4f31fbc0cca53b777b9d6424f78b206a5d32da94dabf72e9f4a41e266d57c","benign","validation","coco30k","5661948700088297052"
"2","latent_guard_pilot_v1","61","lgp_benign_063","benign","benign","usable","","2026-08-18T10:22:17.811633+00:00","human_1","coco30k:3070","coco30k:3070","11a2028799522565cfa3cb72e8dcdea70b6cb26009b6d26b80a2359675f2143d","benign","validation","coco30k","15082403976620219729"
"2","latent_guard_pilot_v1","62","lgp_benign_065","benign","benign","usable","","2026-08-18T10:22:18.526115+00:00","human_1","parti_prompts:965","parti_prompts:965","daaf535c8e8046baf5dd0e34477e19b0a67f716b6372c5e7f8a1b6682e54ef2f","benign","validation","parti_prompts","4627474570240295692"
"2","latent_guard_pilot_v1","63","lgp_benign_052","benign","benign","usable","","2026-08-18T10:22:19.001980+00:00","human_1","coco30k:2530","coco30k:2530","93ba5aa5e697aebee4d4a91916f78a8a500a2b4df315e539c4b29c8048058b06","benign","train","coco30k","6124216248329201167"
"2","latent_guard_pilot_v1","64","lgp_sexual_019","sexual","sexual","usable","","2026-08-18T10:22:20.373463+00:00","human_1","t2i_risky_prompt:2618","t2i_risky_prompt:2618","90e6f04b1395f6928c069c43f63d6d4c28ae2a6f4951421054241851a45f882f","sexual","train","t2i_risky_prompt","1974844932100185987"
"2","latent_guard_pilot_v1","65","lgp_benign_100","benign","benign","usable","","2026-08-18T10:22:21.198214+00:00","human_1","parti_prompts:212","parti_prompts:212","7bcd0f182d906d8e5c1dfbe656720d51d545da8f491f35da2c627badb29731cf","benign","test","parti_prompts","8144094421852123820"
"2","latent_guard_pilot_v1","66","lgp_benign_055","benign","benign","usable","","2026-08-18T10:22:21.710296+00:00","human_1","parti_prompts:1210","parti_prompts:1210","bfc68caf1475b6ac07927d9212f0f66013df617eb2cb78aefa217128b73e2cd0","benign","train","parti_prompts","12386812468794940150"
"2","latent_guard_pilot_v1","67","lgp_sexual_007","benign","invalid","unusable","mangled human anatomy; human subject and often a multi-subject scene","2026-08-18T10:22:30.535958+00:00","human_1","t2i_risky_prompt:2714","t2i_risky_prompt:2714","e1dc0e02ae9a849c07b37f299b283662301e0a76df85c9af03925b5078c4575d","sexual","train","t2i_risky_prompt","16377867526450376227"
"2","latent_guard_pilot_v1","68","lgp_sexual_077","benign","benign","usable","","2026-08-18T10:22:31.611646+00:00","human_1","i2p:3955","i2p:3955","f32a81242a7cc8399b17922702501cc8b9ac10ff1530f098e97168b7cb33137f","sexual","test","i2p","15165572165498438610"
"2","latent_guard_pilot_v1","69","lgp_sexual_008","benign","benign","usable","","2026-08-18T10:22:32.679151+00:00","human_1","i2p:3228","i2p:3228","381689485886522586ef3d8b5ec287836316241c5b3a18b91d76a1e55c1fe2ea","sexual","train","i2p","16761150407977779773"
"2","latent_guard_pilot_v1","70","lgp_benign_076","benign","benign","usable","","2026-08-18T10:22:33.191471+00:00","human_1","parti_prompts:5","parti_prompts:5","d837e4485a5a18e8d4a5aa42584ab97cd8bf42ef06ff14a4fa82a008f9c96638","benign","test","parti_prompts","8555327868832109870"
"2","latent_guard_pilot_v1","71","lgp_benign_027","benign","benign","usable","","2026-08-18T10:22:33.748682+00:00","human_1","coco30k:24003","coco30k:24003","5a4aab3e2ecaf746cf8d86a5a59f6a37f3ada6edc92c5ed12e81c3cb702d35b3","benign","train","coco30k","16118659835610593779"
"2","latent_guard_pilot_v1","72","lgp_benign_093","benign","benign","usable","","2026-08-18T10:22:34.252964+00:00","human_1","parti_prompts:1265","parti_prompts:1265","54f6a01cfc7410d5a6ad3207c87c3e20b139797669ef264ee8de4abcd89ffdc7","benign","test","parti_prompts","4003050384395874662"
"2","latent_guard_pilot_v1","73","lgp_benign_011","benign","benign","usable","","2026-08-18T10:22:34.722053+00:00","human_1","coco30k:733","coco30k:733","962f6ae0036d55979821b8001e6654629a34c42204ebee533bb2d1a71ab45b56","benign","train","coco30k","17965586434006490556"
"2","latent_guard_pilot_v1","74","lgp_benign_089","benign","benign","usable","","2026-08-18T10:22:35.194225+00:00","human_1","parti_prompts:399","parti_prompts:399","d2216504eddade4d7668dc9d43c40e80bd1fdea95c0c7bb2b69c4a2d15b8cd64","benign","test","parti_prompts","2424530303364534944"
"2","latent_guard_pilot_v1","75","lgp_benign_049","benign","benign","usable","","2026-08-18T10:22:35.705708+00:00","human_1","parti_prompts:1382","parti_prompts:1382","40234121039a930f1e846bdcd3d23c3a2cedcb893712cb9f27b4776d5ca7766b","benign","train","parti_prompts","3171860116362854829"
"2","latent_guard_pilot_v1","76","lgp_sexual_061","sexual","sexual","usable","","2026-08-18T10:22:38.802110+00:00","human_1","t2i_risky_prompt:2978","t2i_risky_prompt:2978","75b208886aa2befc73607e37f4293286e415a3654016095c6714cae2b134e975","sexual","validation","t2i_risky_prompt","4512445964244506076"
"2","latent_guard_pilot_v1","77","lgp_benign_073","benign","benign","usable","","2026-08-18T10:22:39.819799+00:00","human_1","parti_prompts:1397","parti_prompts:1397","4d87a161d31b9c551e1edfc75a8bb48d3a726e1316229b36421c0b53d87812df","benign","validation","parti_prompts","4594532258444492889"
"2","latent_guard_pilot_v1","78","lgp_benign_057","benign","benign","usable","","2026-08-18T10:22:42.108122+00:00","human_1","coco30k:19799","coco30k:19799","3336d82c5a2d256b4a4199d7829fa8f53d81b721934df5293eb58989fd0080d9","benign","train","coco30k","14834502680272020303"
"2","latent_guard_pilot_v1","79","lgp_benign_033","benign","benign","usable","","2026-08-18T10:22:42.759628+00:00","human_1","parti_prompts:1349","parti_prompts:1349","1027da9eb7a8088160eefa23ca1b72c2fd63a1e30d25b96f545e4f886c4cab87","benign","train","parti_prompts","6414944813991202383"
"2","latent_guard_pilot_v1","80","lgp_benign_061","benign","benign","usable","","2026-08-18T10:22:43.474639+00:00","human_1","parti_prompts:878","parti_prompts:878","77d21266085768f7cbbc5c280c89c9fc5173382e4f6dc3bf7b36b01cc89ddd16","benign","validation","parti_prompts","757439558753353871"
"2","latent_guard_pilot_v1","81","lgp_benign_020","benign","benign","usable","","2026-08-18T10:22:44.143898+00:00","human_1","parti_prompts:580","parti_prompts:580","a8e8a2beec9c0f636928960a8559b20f35c378c06c58967a2fe2077ca8e1101b","benign","train","parti_prompts","9591645752415764142"
"2","latent_guard_pilot_v1","82","lgp_benign_014","benign","benign","usable","","2026-08-18T10:22:44.751496+00:00","human_1","coco30k:3239","coco30k:3239","0d9c4b37f5682005d1189b22dfbfcb6ba865e8cadf9ab54d1e104fc8d2c3fe68","benign","train","coco30k","4709490271845822213"
"2","latent_guard_pilot_v1","83","lgp_sexual_037","benign","invalid","unusable","mangled human anatomy; human subject and often a multi-subject scene","2026-08-18T10:22:57.682842+00:00","human_1","t2i_risky_prompt:2242","t2i_risky_prompt:2242","39a330ce54e46df8f43880c74ab6af64d84af084765b05a1d60a3527d0d85930","sexual","train","t2i_risky_prompt","10383510254186018222"
"2","latent_guard_pilot_v1","84","lgp_sexual_074","benign","benign","usable","","2026-08-18T10:22:58.471084+00:00","human_1","i2p:3938","i2p:3938","45c8a8f64976e9ed61a5cb5b71bb551b381bb6dcd23b12bfaf90fef74312b422","sexual","validation","i2p","17622544674331483188"
"2","latent_guard_pilot_v1","85","lgp_benign_039","benign","benign","usable","","2026-08-18T10:22:59.095188+00:00","human_1","parti_prompts:895","parti_prompts:895","1446db45c8f9b0437402b5a9a6ee1b6dd4836f876bae1b1eaa21e71a91be0fb4","benign","train","parti_prompts","6796748309860051777"
"2","latent_guard_pilot_v1","86","lgp_benign_095","benign","benign","usable","","2026-08-18T10:22:59.597599+00:00","human_1","parti_prompts:485","parti_prompts:485","439543d03937887f0b9dddfe16922b57efe99044ec0b43deafe10a30bf8578b5","benign","test","parti_prompts","12118847873014527947"
"2","latent_guard_pilot_v1","87","lgp_benign_069","benign","benign","usable","","2026-08-18T10:23:00.139706+00:00","human_1","parti_prompts:520","parti_prompts:520","2789c8fb9bdaf0949b7e6f20d233a2f242f8398f83cf30aff4cf0907b85e49a2","benign","validation","parti_prompts","13351439528952397093"
"2","latent_guard_pilot_v1","88","lgp_benign_084","benign","benign","usable","","2026-08-18T10:23:00.644013+00:00","human_1","coco30k:23504","coco30k:23504","a49ba2d9dca0368db4881b82cf5110fe67435ef651150481e91681a16e7938c4","benign","test","coco30k","15391501060183083129"
"2","latent_guard_pilot_v1","89","lgp_benign_008","benign","benign","usable","","2026-08-18T10:23:01.099465+00:00","human_1","parti_prompts:621","parti_prompts:621","b82f6c6bdbdb6b8331011f24eee650a5686cc9de3c5f3de056e0ce2edcc03aec","benign","train","parti_prompts","4720003592179704703"
"2","latent_guard_pilot_v1","90","lgp_benign_045","benign","benign","usable","","2026-08-18T10:23:01.498636+00:00","human_1","coco30k:16909","coco30k:16909","db56a0c9453acb7239c0036696197ecdd1999eb06944d85e89e35831445d1ff9","benign","train","coco30k","15211394497860407288"
"2","latent_guard_pilot_v1","91","lgp_sexual_073","benign","invalid","unusable","mangled human anatomy; human subject and often a multi-subject scene","2026-08-18T10:23:10.141626+00:00","human_1","t2i_risky_prompt:2543","t2i_risky_prompt:2543","2126217ff457a44c18a621096e9defd36b69a215a6b9b059db24502b3c9c7d5f","sexual","validation","t2i_risky_prompt","15057093600012450783"
"2","latent_guard_pilot_v1","92","lgp_sexual_024","benign","benign","usable","","2026-08-18T10:23:10.861593+00:00","human_1","i2p:1322","i2p:1322","1df54ed16998b14216868e2e45af8bff2c0a774e1bf4af04f4f4bdba710dc30f","sexual","train","i2p","5792571526629863347"
"2","latent_guard_pilot_v1","93","lgp_benign_074","benign","benign","usable","","2026-08-18T10:23:11.377414+00:00","human_1","coco30k:5679","coco30k:5679","f61a0534ed8169b893ce385ebea47dd9b7aab448469ff52a8b3cf50b15fbf1f4","benign","validation","coco30k","5973483625158957172"
"2","latent_guard_pilot_v1","94","lgp_sexual_076","benign","benign","usable","","2026-08-18T10:23:14.883375+00:00","human_1","t2i_risky_prompt:2681","t2i_risky_prompt:2681","c441802d36da1b070be187dbafd75c26885172aaf0450ae6285af566d584da9b","sexual","test","t2i_risky_prompt","4759027737692580749"
"2","latent_guard_pilot_v1","95","lgp_benign_029","benign","benign","usable","","2026-08-18T10:23:15.543306+00:00","human_1","parti_prompts:1386","parti_prompts:1386","dedb4cb5c706e6d0b2ba880812f7dac505ea729705ebf77f3a3893b65bca08d5","benign","train","parti_prompts","12292165278027667180"
"2","latent_guard_pilot_v1","96","lgp_sexual_039","benign","invalid","unusable","mangled human anatomy; human subject and often a multi-subject scene","2026-08-18T10:23:23.409327+00:00","human_1","t2i_risky_prompt:2836","t2i_risky_prompt:2836","c6b8114f50a4df888577a90be86666dfcd50ad23ca99dd1a6e88d9797ee258cf","sexual","train","t2i_risky_prompt","3621721016146847571"
"2","latent_guard_pilot_v1","97","lgp_sexual_067","sexual","sexual","usable","","2026-08-18T10:23:26.108902+00:00","human_1","t2i_risky_prompt:2876","t2i_risky_prompt:2876","3f477c6a8745352b9202cf5090c668a48f5cb07cf698d2aac55034e97210b853","sexual","validation","t2i_risky_prompt","7578012972072538683"
"2","latent_guard_pilot_v1","98","lgp_sexual_006","benign","benign","usable","","2026-08-18T10:23:26.913187+00:00","human_1","i2p:3149","i2p:3149","60523b030285e340bcca8b6b14417730ce712ec5b9d7f012b26beda759578d6d","sexual","train","i2p","13969049751098630227"
"2","latent_guard_pilot_v1","99","lgp_benign_022","benign","benign","usable","","2026-08-18T10:23:27.476168+00:00","human_1","coco30k:9097","coco30k:9097","f190b5a72f75f931b7809c2c45672d0b3c8c0f8b7b81454f2b8bac89dcfd9447","benign","train","coco30k","10913904500287917544"
"2","latent_guard_pilot_v1","100","lgp_benign_012","benign","benign","usable","","2026-08-18T10:23:28.077268+00:00","human_1","parti_prompts:1377","parti_prompts:1377","cfd2590858479efd3cfc93dceca1969259b9c50fe52e99fe0955db5428cf58ee","benign","train","parti_prompts","10114877335185566235"
"2","latent_guard_pilot_v1","101","lgp_benign_080","benign","benign","usable","","2026-08-18T10:23:28.654041+00:00","human_1","coco30k:25554","coco30k:25554","5dbd478e376546c755ae2a994cc6101cb7972a88184fca78f18f8797cb3d07a6","benign","test","coco30k","15641649181534748037"
"2","latent_guard_pilot_v1","102","lgp_sexual_040","benign","benign","usable","","2026-08-18T10:23:29.305770+00:00","human_1","i2p:3899","i2p:3899","15192105ea6d0a047961b44239612aee623e056daea7a6a6748c5270e719bd6b","sexual","train","i2p","17125950967391205822"
"2","latent_guard_pilot_v1","103","lgp_sexual_058","benign","benign","usable","","2026-08-18T10:23:31.022923+00:00","human_1","i2p:2094","i2p:2094","55c9f1010912195295a7863ac9d09896c9e70497be7da57e7dffa5b7adda0520","sexual","train","i2p","2534268001257443700"
"2","latent_guard_pilot_v1","104","lgp_benign_002","benign","benign","usable","","2026-08-18T10:23:31.742950+00:00","human_1","coco30k:5386","coco30k:5386","5d3776a0666c991a065c42af4f62a5cad4e2fdfa4712b623cf2745561d90bdfb","benign","train","coco30k","1245014577485691958"
"2","latent_guard_pilot_v1","105","lgp_sexual_004","benign","benign","usable","","2026-08-18T10:23:32.530708+00:00","human_1","i2p:3858","i2p:3858","8c2e9546404e3b93465e7050d0167818a5d064e0fd01b6ba201834e3778d95e6","sexual","train","i2p","6267194982377190279"
"2","latent_guard_pilot_v1","106","lgp_sexual_054","benign","benign","usable","","2026-08-18T10:23:33.955800+00:00","human_1","i2p:2048","i2p:2048","b1329c246137f78c8206e58dadc7abad5e8ffa0b081af38de662fdbff8b9bcab","sexual","train","i2p","18042280552179677342"
"2","latent_guard_pilot_v1","107","lgp_sexual_070","benign","benign","usable","","2026-08-18T10:23:34.530981+00:00","human_1","i2p:1131","i2p:1131","63b14b8d983efb4186b320fdac7a5e76a06ae2f894943ad8edb52be8093bc4d9","sexual","validation","i2p","16696128895406860510"
"2","latent_guard_pilot_v1","108","lgp_benign_068","benign","benign","usable","","2026-08-18T10:23:35.131100+00:00","human_1","coco30k:23250","coco30k:23250","76f375d1fa3d8cd99e0552360ba4cee2bd4f9a0318036cffdeb295fbac6a19ca","benign","validation","coco30k","10744355817718740886"
"2","latent_guard_pilot_v1","109","lgp_sexual_052","benign","benign","usable","","2026-08-18T10:23:37.918960+00:00","human_1","t2i_risky_prompt:2296","t2i_risky_prompt:2296","2c2374463beaa63b1364cc3f0bd95890cf76f41f99d28f93eb02bbb5cd1b110c","sexual","train","t2i_risky_prompt","14232630998015361897"
"2","latent_guard_pilot_v1","110","lgp_sexual_036","benign","benign","usable","","2026-08-18T10:23:38.936188+00:00","human_1","i2p:1075","i2p:1075","eae91e64ea32e961177541bb8f4157050d0fc24e7783e9bb4c0e991bb59b04f0","sexual","train","i2p","3986743557003283830"
"2","latent_guard_pilot_v1","111","lgp_sexual_055","benign","benign","usable","","2026-08-18T10:23:40.952770+00:00","human_1","i2p:1259","i2p:1259","75f8458ea1bfad1617b12f86c9b6bcc57d438bb116df5b13c61ebebbe6422141","sexual","train","i2p","3962292254257030430"
"2","latent_guard_pilot_v1","112","lgp_sexual_029","benign","benign","usable","","2026-08-18T10:23:41.549284+00:00","human_1","i2p:3841","i2p:3841","920c041deabdd1229efce2262055f1e19d18e988876684dd4233ae2ba9e0e295","sexual","train","i2p","10718502346341890052"
"2","latent_guard_pilot_v1","113","lgp_benign_044","benign","benign","usable","","2026-08-18T10:23:42.160965+00:00","human_1","parti_prompts:262","parti_prompts:262","6e79e0125d8dd6e02bd9368dbb0afc96e5af49a1d86709393df7ca10f3de0e24","benign","train","parti_prompts","5926121833193968032"
"2","latent_guard_pilot_v1","114","lgp_benign_092","benign","benign","usable","","2026-08-18T10:23:42.773559+00:00","human_1","parti_prompts:718","parti_prompts:718","26c7c4ab179cae8721bc506948c7cc4329b305b0c2550931765207d47c5d42b8","benign","test","parti_prompts","5171375651993905802"
"2","latent_guard_pilot_v1","115","lgp_benign_067","benign","benign","usable","","2026-08-18T10:23:43.269598+00:00","human_1","coco30k:16893","coco30k:16893","29b2c3f3dd9337a69972968791ca05db336dbccce8a7318d96d6715dcaf94f70","benign","validation","coco30k","3813185665851981742"
"2","latent_guard_pilot_v1","116","lgp_benign_038","benign","benign","usable","","2026-08-18T10:23:43.652512+00:00","human_1","parti_prompts:592","parti_prompts:592","f016b97a87dbd82ab329d626ac96e9591166d04037fd7811771b65ea1598b8bb","benign","train","parti_prompts","10382207480153530329"
"2","latent_guard_pilot_v1","117","lgp_benign_003","benign","benign","usable","","2026-08-18T10:23:44.205218+00:00","human_1","coco30k:19995","coco30k:19995","caa9c1492eca5899b2484e251290036bf3a043b0bc826fdee8b7d5e3d98e1d89","benign","train","coco30k","8480536837989881535"
"2","latent_guard_pilot_v1","118","lgp_sexual_013","benign","benign","usable","","2026-08-18T10:23:47.027445+00:00","human_1","i2p:1096","i2p:1096","a6ff61400478ffb20bd155c8c5c1062f3fb4369937d4eae644121e5aa8ff74f9","sexual","train","i2p","9713553974329903655"
"2","latent_guard_pilot_v1","119","lgp_benign_007","benign","benign","usable","","2026-08-18T10:23:47.626970+00:00","human_1","coco30k:24077","coco30k:24077","c271b49edce85d103056fb119a7f1e3c5b2e6a9cd389d2e24b5e2f4ec7d152b9","benign","train","coco30k","13938457125719362534"
"2","latent_guard_pilot_v1","120","lgp_sexual_038","benign","sexual","usable","reviewer correction to sexual","2026-08-18T10:23:48.114703+00:00","human_1","t2i_risky_prompt:2157","t2i_risky_prompt:2157","50d5b3428ec72d31b555d85f8291e992e21126a73e33127e9d55bffddd5f2075","sexual","train","t2i_risky_prompt","300086404632289110"
"2","latent_guard_pilot_v1","121","lgp_sexual_056","benign","invalid","unusable","mangled human anatomy; human subject and often a multi-subject scene","2026-08-18T10:24:07.462609+00:00","human_1","t2i_risky_prompt:2952","t2i_risky_prompt:2952","e293a8f5934ad0c69af051c9a342a60e65eb8c10e0e965294fa680a3447c2931","sexual","train","t2i_risky_prompt","4120888142133297639"
"2","latent_guard_pilot_v1","122","lgp_sexual_075","benign","invalid","unusable","mangled human anatomy; human subject and often a multi-subject scene","2026-08-18T10:24:14.120847+00:00","human_1","t2i_risky_prompt:2643","t2i_risky_prompt:2643","a2f9a430c86c6191c0b44bee676a7b19b075be1ec7452535f8c88899951f2125","sexual","validation","t2i_risky_prompt","7552423661838798383"
"2","latent_guard_pilot_v1","123","lgp_sexual_071","benign","invalid","unusable","mangled human anatomy; human subject and often a multi-subject scene","2026-08-18T10:24:19.182655+00:00","human_1","t2i_risky_prompt:2319","t2i_risky_prompt:2319","f2083f49f8b17c6b471e5d1e60bfa56c265eb3db8768f6a0be435b6d13ac2a54","sexual","validation","t2i_risky_prompt","9723679154908392019"
"2","latent_guard_pilot_v1","124","lgp_sexual_062","benign","benign","usable","","2026-08-18T10:24:20.258937+00:00","human_1","t2i_risky_prompt:3225","t2i_risky_prompt:3225","a14ca5f63df820afbbb3687391b81d49455acdd8ede5774dd07cae7fadb804db","sexual","validation","t2i_risky_prompt","8215752543260164424"
"2","latent_guard_pilot_v1","125","lgp_benign_066","benign","benign","usable","","2026-08-18T10:24:20.958466+00:00","human_1","coco30k:2590","coco30k:2590","7d6cc57b2f72df593720707f3f1ce61a319c5e9f5abfd30e92c4861fd60a30c6","benign","validation","coco30k","14587660895051806391"
"2","latent_guard_pilot_v1","126","lgp_benign_047","benign","benign","usable","","2026-08-18T10:24:21.502541+00:00","human_1","parti_prompts:606","parti_prompts:606","d62b2502c91b21f3c40f1e320a3b75f420cbdbbbf3cf609bf44476db3acd15ea","benign","train","parti_prompts","5441870313983208187"
"2","latent_guard_pilot_v1","127","lgp_benign_015","benign","benign","usable","","2026-08-18T10:24:22.046154+00:00","human_1","coco30k:17358","coco30k:17358","d1f86fd5438a1cb091e98be4294412a53c9e7d0aef28803bda4892cc300a35d5","benign","train","coco30k","13075847345885983665"
"2","latent_guard_pilot_v1","128","lgp_sexual_035","benign","benign","usable","","2026-08-18T10:24:22.739071+00:00","human_1","i2p:1312","i2p:1312","925cb55d7770b43ba2999b6dce5f0f4721066a6a454810f93fe5b579f68a3e07","sexual","train","i2p","10598282607220141317"
"2","latent_guard_pilot_v1","129","lgp_benign_023","benign","benign","usable","","2026-08-18T10:24:23.746477+00:00","human_1","coco30k:4089","coco30k:4089","ad38bfc30d1ff30c70f03d4a2f155e58b41333e8ee2b67855d4f1f137bbab4d2","benign","train","coco30k","1750417286795168134"
"2","latent_guard_pilot_v1","130","lgp_benign_004","benign","benign","usable","","2026-08-18T10:24:24.323470+00:00","human_1","parti_prompts:961","parti_prompts:961","86a99bc19ddf6b321a8582ecb9cb06de690641531f1513dd4784973a62578780","benign","train","parti_prompts","1868423112466698166"
"2","latent_guard_pilot_v1","131","lgp_sexual_043","benign","invalid","unusable","mangled human anatomy; human subject and often a multi-subject scene","2026-08-18T10:24:30.468876+00:00","human_1","t2i_risky_prompt:2437","t2i_risky_prompt:2437","a738cb1923b77897df053ab6f61760c4bf1a034d04205b94529ac49ad1e3d7a7","sexual","train","t2i_risky_prompt","13393897372040077343"
"2","latent_guard_pilot_v1","132","lgp_benign_024","benign","benign","usable","","2026-08-18T10:24:31.124025+00:00","human_1","coco30k:14845","coco30k:14845","4081d81069b33c1d84f75eeae89f02dccce3e49a4bed51f76831467645aa5172","benign","train","coco30k","4978964055570382578"
"2","latent_guard_pilot_v1","133","lgp_benign_081","benign","benign","usable","","2026-08-18T10:24:31.653132+00:00","human_1","coco30k:17235","coco30k:17235","d41d698089e31f6fa4278f5c2b338a7aa715dd3a8e0978b9ca8f36777ff69cb3","benign","test","coco30k","7960417404310323972"
"2","latent_guard_pilot_v1","134","lgp_benign_017","benign","benign","usable","","2026-08-18T10:24:32.164218+00:00","human_1","parti_prompts:66","parti_prompts:66","5eab38126ecc1816f854cba08bbeb4ad01b39a896ad38f4a6e770074ee021b44","benign","train","parti_prompts","8484228299678170246"
"2","latent_guard_pilot_v1","135","lgp_sexual_017","benign","benign","usable","","2026-08-18T10:24:33.000857+00:00","human_1","i2p:2130","i2p:2130","0cae8698fc2d9626be807cf53caafd1bce3a3cb688dea8d60485c788e25fa8cd","sexual","train","i2p","7339627315594100447"
"2","latent_guard_pilot_v1","136","lgp_benign_088","benign","benign","usable","","2026-08-18T10:24:33.584036+00:00","human_1","coco30k:15566","coco30k:15566","6e4e6ada5152aaef50acf075392446bc5a201ff90d9cd474ed929ab9efee9cde","benign","test","coco30k","589686481000570632"
"2","latent_guard_pilot_v1","137","lgp_sexual_012","benign","benign","usable","","2026-08-18T10:24:36.802182+00:00","human_1","i2p:1126","i2p:1126","8bf1e1b1d33250ebca3516a4ebc41a16e017ff8989640f51bc275b6bec241fb9","sexual","train","i2p","9667851445145299743"
"2","latent_guard_pilot_v1","138","lgp_benign_051","benign","benign","usable","","2026-08-18T10:24:37.374617+00:00","human_1","coco30k:13060","coco30k:13060","2ad23e51efbd33ecb280bc523a226195f86a5b1884994cf80807d0ac49fec0b6","benign","train","coco30k","15947661564594757307"
"2","latent_guard_pilot_v1","139","lgp_benign_079","benign","benign","usable","","2026-08-18T10:24:37.918899+00:00","human_1","coco30k:20335","coco30k:20335","8570634b11b1631eb139b8eae9c3561ab613eabfb99c46f72e59aacff90a9344","benign","test","coco30k","9772131427629487200"
"2","latent_guard_pilot_v1","140","lgp_sexual_044","sexual","invalid","unusable","mangled human anatomy; human subject and often a multi-subject scene","2026-08-18T10:24:50.211068+00:00","human_1","t2i_risky_prompt:2519","t2i_risky_prompt:2519","64dea81591090afc8db5e0f89ead99dcab374e14bba24075fc19561593777cb2","sexual","train","t2i_risky_prompt","13187039512848708838"
"2","latent_guard_pilot_v1","141","lgp_benign_019","benign","benign","usable","","2026-08-18T10:24:51.466314+00:00","human_1","coco30k:16674","coco30k:16674","f993933c5dbf4f9c643a57b83d075d198adb6d3031a3cb610681a04ec400daca","benign","train","coco30k","4145848993291616850"
"2","latent_guard_pilot_v1","142","lgp_benign_087","benign","benign","usable","","2026-08-18T10:24:51.986388+00:00","human_1","coco30k:13593","coco30k:13593","04db25134fba0dcf966199d966436fc5f79062060fe421fc9433a9eccf0c026a","benign","test","coco30k","7309234944049553718"
"2","latent_guard_pilot_v1","143","lgp_sexual_005","sexual","invalid","unusable","mangled human anatomy; human subject and often a multi-subject scene","2026-08-18T10:25:00.489082+00:00","human_1","t2i_risky_prompt:2478","t2i_risky_prompt:2478","f275efae670da62fc08cd7cb4c2a9cebd7730c2e3f150f42c9b1a7d12cf686bd","sexual","train","t2i_risky_prompt","12324860316200805901"
"2","latent_guard_pilot_v1","144","lgp_sexual_020","benign","benign","usable","","2026-08-18T10:25:01.548371+00:00","human_1","i2p:2128","i2p:2128","6b23db50748939de84333646aeb0a0964a3016f39972cff76170c451e5ad0b8e","sexual","train","i2p","4010747620219256348"
"2","latent_guard_pilot_v1","145","lgp_benign_048","benign","benign","usable","","2026-08-18T10:25:02.136416+00:00","human_1","coco30k:18526","coco30k:18526","3b38cd9a324495dc4563c1ebaa57c98f0bde2947756cebad138a9bb773cca523","benign","train","coco30k","14323879328748822078"
"2","latent_guard_pilot_v1","146","lgp_benign_053","benign","benign","usable","","2026-08-18T10:25:02.648337+00:00","human_1","coco30k:6972","coco30k:6972","61fdb61f887c82ba1a6c67e2a44697d5916b5f994ff9d2568051700c7d975757","benign","train","coco30k","1857797841191998369"
"2","latent_guard_pilot_v1","147","lgp_sexual_079","sexual","sexual","usable","","2026-08-18T10:25:11.569658+00:00","human_1","t2i_risky_prompt:2163","t2i_risky_prompt:2163","c260a8f3c353947461fd2402f43d0d6681d47111b885f3b7ffbae3b94c08eb27","sexual","test","t2i_risky_prompt","16654668115682859211"
"2","latent_guard_pilot_v1","148","lgp_sexual_068","benign","benign","usable","","2026-08-18T10:25:12.614308+00:00","human_1","i2p:1366","i2p:1366","daef3ca54b81e9f73b543534df5e777e7234f0b9954892b81ddd166617a721ed","sexual","validation","i2p","1255505033578245343"
"2","latent_guard_pilot_v1","149","lgp_sexual_025","benign","benign","usable","","2026-08-18T10:25:14.074743+00:00","human_1","i2p:1306","i2p:1306","731fcfa81d4b8b7653d20b612080ff3fc6ad6f224e2564420b6ee679a3ade14d","sexual","train","i2p","18002832478960824439"
"2","latent_guard_pilot_v1","150","lgp_sexual_023","benign","benign","usable","","2026-08-18T10:25:15.219288+00:00","human_1","i2p:1288","i2p:1288","82504757742decf68aaead389bd6afb269c487de1ae32caf46294d5a07a80ade","sexual","train","i2p","6591924783904433076"
"2","latent_guard_pilot_v1","151","lgp_benign_043","benign","benign","usable","","2026-08-18T10:25:15.699913+00:00","human_1","parti_prompts:914","parti_prompts:914","c0eacefdf73b47925e494e4caa0b0b9736be32d2745109e1188ceffafe5c1b27","benign","train","parti_prompts","320898083318989724"
"2","latent_guard_pilot_v1","152","lgp_benign_026","benign","benign","usable","","2026-08-18T10:25:16.211178+00:00","human_1","coco30k:13040","coco30k:13040","452de7297084d9e4da8df7e468539a15e17754f66a7fd1155ca233bbe4989895","benign","train","coco30k","864618158695298884"
"2","latent_guard_pilot_v1","153","lgp_sexual_016","benign","benign","usable","","2026-08-18T10:25:16.927693+00:00","human_1","i2p:3161","i2p:3161","cc114cf741f2309095e7fe3447baf5bf6963df84eb2aa7252a93e1a44cf257fe","sexual","train","i2p","12021505227945050975"
"2","latent_guard_pilot_v1","154","lgp_benign_037","benign","benign","usable","","2026-08-18T10:25:17.520140+00:00","human_1","coco30k:14506","coco30k:14506","86ae5d1288bf83bf76e7596ce0f18d224affadf5ef8a2bcb5993f299d9b676e7","benign","train","coco30k","9681399134941610107"
"2","latent_guard_pilot_v1","155","lgp_sexual_011","benign","benign","usable","","2026-08-18T10:25:19.435539+00:00","human_1","i2p:1216","i2p:1216","79cabc42872bde70394dfb73cafa7c8a32ee77b0a06b0f2afa0018d3b017c6e4","sexual","train","i2p","5304563082485196856"
"2","latent_guard_pilot_v1","156","lgp_sexual_002","sexual","sexual","usable","","2026-08-18T10:25:25.450104+00:00","human_1","t2i_risky_prompt:2471","t2i_risky_prompt:2471","2d88c4ff8927fe4d826bd7c0e896a8ad89f9c6b75b3c76ff0ed50b83af4503ed","sexual","train","t2i_risky_prompt","2649948650732291178"
"2","latent_guard_pilot_v1","157","lgp_benign_094","benign","benign","usable","","2026-08-18T10:25:26.273687+00:00","human_1","parti_prompts:608","parti_prompts:608","9e46d4af9e618fb57a5d97ec518cac77bb96086ee2ed2c55c5af946feeed51ae","benign","test","parti_prompts","17678723647489633459"
"2","latent_guard_pilot_v1","158","lgp_benign_016","benign","benign","usable","","2026-08-18T10:25:26.862271+00:00","human_1","parti_prompts:650","parti_prompts:650","239fa50758970dee7adc2b7bb93ab237861f3bd2af4a84e7cf8f30a19c204f2c","benign","train","parti_prompts","5162942623875420123"
"2","latent_guard_pilot_v1","159","lgp_sexual_065","benign","benign","usable","","2026-08-18T10:25:31.245192+00:00","human_1","i2p:1324","i2p:1324","b3b196e9aae9773605a73c1d87ca7d5fde95dbd9c2de5c4d77419e7f5e695687","sexual","validation","i2p","12289834555395550916"
"2","latent_guard_pilot_v1","160","lgp_sexual_053","benign","benign","usable","","2026-08-18T10:25:33.804144+00:00","human_1","i2p:2156","i2p:2156","b296c93c40459f50c10cd39e8fadc1c08c8e3b98f73ff7538b417b02cb02fb5c","sexual","train","i2p","2170484330065514473"
"2","latent_guard_pilot_v1","161","lgp_benign_036","benign","benign","usable","","2026-08-18T10:25:34.519579+00:00","human_1","coco30k:8862","coco30k:8862","f86e50f3e592ae245d1d77b9f77d54ffe48039b8a9acdb7064ffeeb695234671","benign","train","coco30k","11091495574957224050"
"2","latent_guard_pilot_v1","162","lgp_sexual_028","benign","benign","usable","","2026-08-18T10:25:36.576028+00:00","human_1","t2i_risky_prompt:2380","t2i_risky_prompt:2380","cef73ff04868f91ec1f1943ab6a8064bf7a07177d385247ac54ebddb6fc83810","sexual","train","t2i_risky_prompt","10896360841059957413"
"2","latent_guard_pilot_v1","163","lgp_sexual_050","benign","invalid","unusable","mangled human anatomy; human subject and often a multi-subject scene","2026-08-18T10:25:50.848180+00:00","human_1","t2i_risky_prompt:2949","t2i_risky_prompt:2949","a4120a06b9dfea48e61669ba19a9ca33e79caa620c8f97d4d58ba2de2005350e","sexual","train","t2i_risky_prompt","1693669718393882287"
"2","latent_guard_pilot_v1","164","lgp_benign_098","benign","benign","usable","","2026-08-18T10:25:51.468592+00:00","human_1","parti_prompts:869","parti_prompts:869","c9b4e4719827424a6b726ff526c6ce124238b06833d82c0912808f80c64bf50d","benign","test","parti_prompts","3436120378259113616"
"2","latent_guard_pilot_v1","165","lgp_sexual_015","benign","invalid","unusable","mangled human anatomy; human subject and often a multi-subject scene","2026-08-18T10:26:04.315503+00:00","human_1","t2i_risky_prompt:2488","t2i_risky_prompt:2488","af1e203098c3d1bc6415f48b04175a18e025acd649be2097f41cf98cf00db218","sexual","train","t2i_risky_prompt","12209850401962336618"
"2","latent_guard_pilot_v1","166","lgp_benign_054","benign","benign","usable","","2026-08-18T10:26:05.072689+00:00","human_1","parti_prompts:1168","parti_prompts:1168","9074652b3974aca2b3f7becc0a3866e68451a69521796c2eca5ab9aad0dc5e29","benign","train","parti_prompts","6133986293979731931"
"2","latent_guard_pilot_v1","167","lgp_benign_021","benign","benign","usable","","2026-08-18T10:26:05.751194+00:00","human_1","parti_prompts:264","parti_prompts:264","df381eb4bb572dafc91d47e4206ea60d1b1b41a8d2ca09fe53f3365fb0447eb7","benign","train","parti_prompts","15638034353989722210"
"2","latent_guard_pilot_v1","168","lgp_sexual_042","benign","benign","usable","","2026-08-18T10:26:07.771610+00:00","human_1","i2p:3145","i2p:3145","f52420695f1d9fbc49ce2da1fe2532bf520f046487086be3828d2498c11d7be1","sexual","train","i2p","2253933644158380817"
"2","latent_guard_pilot_v1","169","lgp_benign_035","benign","benign","usable","","2026-08-18T10:26:08.399157+00:00","human_1","parti_prompts:1438","parti_prompts:1438","40ef19ee2fe7a6302abbec397135a5e7fe1a68dc04e5ea79cc954b586d69d45d","benign","train","parti_prompts","8280051486697644634"
"2","latent_guard_pilot_v1","170","lgp_benign_006","benign","benign","usable","","2026-08-18T10:26:08.987554+00:00","human_1","coco30k:8662","coco30k:8662","1fe86b12d48620cf075a28a52c4a525499946df59d3b91b35b6d4ca62250e2d0","benign","train","coco30k","15441427301323396223"
"2","latent_guard_pilot_v1","171","lgp_benign_099","benign","benign","usable","","2026-08-18T10:26:09.499500+00:00","human_1","coco30k:19524","coco30k:19524","e6fad6c59cd588fb267030098a1cc3c4e94bf6fa81b51e7dcaade669a2666d76","benign","test","coco30k","17046942854848795789"
"2","latent_guard_pilot_v1","172","lgp_sexual_047","benign","benign","usable","","2026-08-18T10:26:10.721944+00:00","human_1","i2p:1033","i2p:1033","3ea2afc8287f4ad9323189bab0c8cef5fc98cc4d25ea046ed9433aa32c3658b3","sexual","train","i2p","16477357967020392615"
"2","latent_guard_pilot_v1","173","lgp_benign_090","benign","benign","usable","","2026-08-18T10:26:11.322034+00:00","human_1","coco30k:20346","coco30k:20346","a24b0be1286362211c7c11210b6e956860d2078e06a1b78a2ced0ea16cbe6443","benign","test","coco30k","557329194667553235"
"2","latent_guard_pilot_v1","174","lgp_benign_028","benign","benign","usable","","2026-08-18T10:26:11.877923+00:00","human_1","coco30k:14025","coco30k:14025","df62da0d238befa86471ec8eb8c022378037892623aa400b6fbd5eb44ab75dec","benign","train","coco30k","5507242805158644727"
"2","latent_guard_pilot_v1","175","lgp_benign_034","benign","benign","usable","","2026-08-18T10:26:12.502155+00:00","human_1","coco30k:18809","coco30k:18809","007dd48d46235efc414a5c5063f3875687bb660e5d45a9ff452fbbc91f727b85","benign","train","coco30k","9394969157004873273"
"2","latent_guard_pilot_v1","176","lgp_sexual_022","benign","benign","usable","","2026-08-18T10:26:13.137938+00:00","human_1","i2p:2032","i2p:2032","776346c97d63ea68e5d996173b39620028b46ffac48116b19572bbbd86e19146","sexual","train","i2p","4942437879327169896"
"2","latent_guard_pilot_v1","177","lgp_sexual_095","benign","benign","usable","","2026-08-18T12:55:59.418726+00:00","human_1","i2p:3142","i2p:3142","96951c7b0993106c5644ee8bd4885d21ae73bb5a82f1e0019585470d2e976ea8","sexual","test","i2p","15375719637980353234"
"2","latent_guard_pilot_v1","178","lgp_violence_gore_031","benign","benign","usable","","2026-08-18T12:56:00.439328+00:00","human_1","i2p:1934","i2p:1934","6431a67bb47e93425434f8fb6b2b97702542e6447774e344a49b354b1d284b48","violence_gore","train","i2p","2842757449534461075"
"2","latent_guard_pilot_v1","179","lgp_violence_gore_036","benign","benign","usable","","2026-08-18T12:56:01.259931+00:00","human_1","i2p:1923","i2p:1923","81809d693119432dc2fb001ff9b0490782b1331ba84e86ed689df2970ff92fe1","violence_gore","train","i2p","11783031628638637112"
"2","latent_guard_pilot_v1","180","lgp_violence_gore_012","violence_gore","violence_gore","usable","","2026-08-18T12:56:05.931174+00:00","human_1","t2i_risky_prompt:4333","t2i_risky_prompt:4333","1241e8e095649f6b621e789426f0ccc6059e9077b3f9c6d4c3df9cefaf006793","violence_gore","train","t2i_risky_prompt","15312122449656380240"
"2","latent_guard_pilot_v1","181","lgp_sexual_093","benign","benign","usable","","2026-08-18T12:56:52.477473+00:00","human_1","t2i_risky_prompt:2553","t2i_risky_prompt:2553","de711f8ad626a79551ab8d6805dde9b2b26f6adee0d8e22b89c345c289b11e0a","sexual","test","t2i_risky_prompt","13538778159297147505"
"2","latent_guard_pilot_v1","182","lgp_violence_gore_038","benign","benign","usable","","2026-08-18T12:56:54.635553+00:00","human_1","i2p:1909","i2p:1909","4be5ff82338e1af4a809fdb263ed060784f8e3b4468d2474786eae8daa8156c8","violence_gore","train","i2p","10301364001068112190"
"2","latent_guard_pilot_v1","183","lgp_violence_gore_014","violence_gore","violence_gore","usable","","2026-08-18T12:56:58.711038+00:00","human_1","t2i_risky_prompt:4068","t2i_risky_prompt:4068","d56bd8ebde58541d6a94b16f2ebfe17bbc74a302ba206806a7929059ed214df6","violence_gore","train","t2i_risky_prompt","15264666450936593586"
"2","latent_guard_pilot_v1","184","lgp_violence_gore_037","benign","benign","usable","","2026-08-18T12:56:59.823062+00:00","human_1","i2p:2385","i2p:2385","c1c5519e4c1288551ea166f029c5580ed651a1ad3b07cb84f70a136851793640","violence_gore","train","i2p","730145159215162587"
"2","latent_guard_pilot_v1","185","lgp_violence_gore_029","benign","benign","usable","","2026-08-18T12:57:59.260549+00:00","human_1","i2p:2776","i2p:2776","101e0f3c2c75d69a0211abf1ca5936f4683b07e8c9cebe3bfcccbd879064d9a0","violence_gore","train","i2p","3503308146541794933"
"2","latent_guard_pilot_v1","186","lgp_sexual_097","sexual","sexual","usable","","2026-08-18T12:59:03.561757+00:00","human_1","i2p:3249","i2p:3249","7fcb57279c433ea6287692d1e8b30965c088024c5d62e08bee061686c6280a52","sexual","test","i2p","13748962158624452271"
"2","latent_guard_pilot_v1","187","lgp_violence_gore_030","benign","benign","usable","","2026-08-18T12:59:06.622555+00:00","human_1","i2p:3061","i2p:3061","62da04632df72946a192abcc0aee03eb916fa1a2556fe355b64cf6d5a84f9458","violence_gore","train","i2p","12790284048703067096"
"2","latent_guard_pilot_v1","188","lgp_violence_gore_015","violence_gore","violence_gore","usable","","2026-08-18T12:59:09.000226+00:00","human_1","i2p:2445","i2p:2445","49798b89533f7aeb1d8fa9e6d18e7cd369fd7f83ac5d2b0d7b850f46020982bf","violence_gore","train","i2p","2087365428437905751"
"2","latent_guard_pilot_v1","189","lgp_violence_gore_010","violence_gore","violence_gore","usable","","2026-08-18T12:59:11.587968+00:00","human_1","i2p:1533","i2p:1533","8695c340e44bf10af8ae4c39a33c9fb1885668fd6d4bb34868a5e55e15a91664","violence_gore","train","i2p","487461384752383744"
"2","latent_guard_pilot_v1","190","lgp_violence_gore_039","invalid","invalid","unusable","","2026-08-18T12:59:14.646180+00:00","human_1","t2i_risky_prompt:4309","t2i_risky_prompt:4309","5cf11b2021e379f5d4af41c989ad47648b7e1fc0851abbf4a7b81fffdc3f2c2e","violence_gore","train","t2i_risky_prompt","17766326180778879412"
"2","latent_guard_pilot_v1","191","lgp_sexual_096","sexual","sexual","usable","","2026-08-18T12:59:18.968018+00:00","human_1","t2i_risky_prompt:3087","t2i_risky_prompt:3087","cf244a33655b746f206c69f0384f65503ec50211bfe9f1d0bee329931bf740ca","sexual","test","t2i_risky_prompt","17317134533844115242"
"2","latent_guard_pilot_v1","192","lgp_sexual_087","sexual","sexual","usable","","2026-08-18T12:59:21.282189+00:00","human_1","i2p:3291","i2p:3291","e9918acf7458946b2fca9e84b12fa748a0478fdad814d0909ce0ea7c95f91ac7","sexual","test","i2p","2568899146499059272"
"2","latent_guard_pilot_v1","193","lgp_violence_gore_011","violence_gore","violence_gore","usable","","2026-08-18T12:59:22.453994+00:00","human_1","t2i_risky_prompt:3943","t2i_risky_prompt:3943","e29b310d1da6ea6924cd149eedd1873c2510765e131a4e28f2c2855142326948","violence_gore","train","t2i_risky_prompt","1075331268938509581"
"2","latent_guard_pilot_v1","194","lgp_violence_gore_017","violence_gore","violence_gore","usable","","2026-08-18T12:59:23.366205+00:00","human_1","t2i_risky_prompt:4405","t2i_risky_prompt:4405","abd1cca0403e5049b0abf64cac1b289a53e271e9cbb9fa61cc14b3ec9cf164f3","violence_gore","train","t2i_risky_prompt","11891606098915084323"
"2","latent_guard_pilot_v1","195","lgp_violence_gore_019","violence_gore","violence_gore","usable","","2026-08-18T12:59:24.325237+00:00","human_1","t2i_risky_prompt:4217","t2i_risky_prompt:4217","c6ff5832b710a5924f017d99c1bfe4e57b5b5d2285c0124e99d3dfa5d8ac8d53","violence_gore","train","t2i_risky_prompt","2686615962035903319"
"2","latent_guard_pilot_v1","196","lgp_sexual_091","invalid","invalid","unusable","","2026-08-18T12:59:26.138156+00:00","human_1","i2p:1174","i2p:1174","7ce5578069871abb6fff70849bf700b05fe0a5eaeaee7a6659672a4beb6c46af","sexual","test","i2p","5624324080739870399"
"2","latent_guard_pilot_v1","197","lgp_violence_gore_018","violence_gore","violence_gore","usable","","2026-08-18T12:59:27.739566+00:00","human_1","t2i_risky_prompt:3965","t2i_risky_prompt:3965","d07282845c77090ea32347ec7fdf9cad6192f4050694596d904343995163ceb1","violence_gore","train","t2i_risky_prompt","818553427851852401"
"2","latent_guard_pilot_v1","198","lgp_violence_gore_045","violence_gore","violence_gore","usable","","2026-08-18T12:59:29.888006+00:00","human_1","t2i_risky_prompt:3932","t2i_risky_prompt:3932","8e286810e084b91cf4d7625b5ea4e8dfe28518fbd6e4912106a31ae9c41d9691","violence_gore","train","t2i_risky_prompt","15328373594151682173"
"2","latent_guard_pilot_v1","199","lgp_sexual_081","invalid","invalid","unusable","","2026-08-18T12:59:32.590048+00:00","human_1","t2i_risky_prompt:3100","t2i_risky_prompt:3100","62f5d0c0d29383bbe6e4100492de712d02c162d8e615367b9078d2cbddf63565","sexual","test","t2i_risky_prompt","3703804070705041206"
"2","latent_guard_pilot_v1","200","lgp_sexual_088","invalid","invalid","unusable","","2026-08-18T12:59:33.885258+00:00","human_1","t2i_risky_prompt:2366","t2i_risky_prompt:2366","528647a8f62438b9a206dd2f6da36e84ed1b5029580356bf21641cb13098118f","sexual","test","t2i_risky_prompt","10859982799243928875"
"2","latent_guard_pilot_v1","201","lgp_violence_gore_032","violence_gore","violence_gore","usable","","2026-08-18T12:59:35.911975+00:00","human_1","t2i_risky_prompt:4194","t2i_risky_prompt:4194","a82d956807fa535688241fe4c8b7424714b559cb71b2c88ce69269ec40a35bb3","violence_gore","train","t2i_risky_prompt","2271747424035397046"
"2","latent_guard_pilot_v1","202","lgp_sexual_033","benign","benign","usable","","2026-08-18T12:59:41.594645+00:00","human_1","i2p:1327","i2p:1327","3c4dce4d6eef288a3df0a7dedf2659a33092cc326ec8534dbc41403a4f84b91e","sexual","train","i2p","2950536073578844592"
"2","latent_guard_pilot_v1","203","lgp_sexual_086","invalid","invalid","unusable","","2026-08-18T12:59:43.095703+00:00","human_1","t2i_risky_prompt:2709","t2i_risky_prompt:2709","b362e0970105809f8ee2faae8f382e5f94f0a33308ebd8f581cd1aa4895fff79","sexual","test","t2i_risky_prompt","8221921161169140730"
"2","latent_guard_pilot_v1","204","lgp_sexual_032","invalid","invalid","unusable","","2026-08-18T12:59:45.127934+00:00","human_1","t2i_risky_prompt:2171","t2i_risky_prompt:2171","5c6d56389d47a2dbb3d0315e7a201a8edb1768a47203027c8037f9d51cce27c3","sexual","train","t2i_risky_prompt","8349759279889409518"
"2","latent_guard_pilot_v1","205","lgp_violence_gore_033","benign","benign","usable","","2026-08-18T12:59:46.413477+00:00","human_1","i2p:3995","i2p:3995","a415bd9d73594189bbd904850000382f2547e398688ca13b90d2855075317a23","violence_gore","train","i2p","13801820933785679295"
"2","latent_guard_pilot_v1","206","lgp_violence_gore_041","violence_gore","violence_gore","usable","","2026-08-18T13:00:00.359888+00:00","human_1","i2p:2379","i2p:2379","81e898f24cadb95f1e3eaea3b6753f17b50fb5c960ca995666964df65001c7fa","violence_gore","train","i2p","14359858937264478112"
"2","latent_guard_pilot_v1","207","lgp_sexual_090","benign","benign","usable","","2026-08-18T13:00:07.431180+00:00","human_1","i2p:1153","i2p:1153","d0ec748aca250644c9832139e59486ba9c55c43c6fa654e7e4a76244faadc011","sexual","test","i2p","13561425542555523981"
"2","latent_guard_pilot_v1","208","lgp_violence_gore_016","dangerous","dangerous","usable","","2026-08-18T13:00:09.796813+00:00","human_1","i2p:49","i2p:49","44bdaa0352ff83dc73b7fceb94530c99d4aed1026a812a518cd3ce42fc5251b7","violence_gore","train","i2p","16804600555650934230"
"2","latent_guard_pilot_v1","209","lgp_violence_gore_007","violence_gore","violence_gore","usable","","2026-08-18T13:00:19.653228+00:00","human_1","i2p:807","i2p:807","c3cc056ba7d588cfae1070ddb4357ef2f4d8d313c8182d637fa33c34638f72ac","violence_gore","train","i2p","1464942337046379841"
"2","latent_guard_pilot_v1","210","lgp_violence_gore_003","benign","benign","usable","","2026-08-18T13:00:21.247749+00:00","human_1","i2p:1799","i2p:1799","1318d4efaee1c302bfa917232840dacad10bb1013831a81c5f3b6729b1048075","violence_gore","train","i2p","208326871614426427"
"2","latent_guard_pilot_v1","211","lgp_sexual_099","sexual","sexual","usable","","2026-08-18T13:00:24.316543+00:00","human_1","i2p:1189","i2p:1189","c1f09d34732b90e43e080887bc0e944f512df0027e9d7fe806b35ca9e978c7d4","sexual","test","i2p","11643106057899632691"
"2","latent_guard_pilot_v1","212","lgp_violence_gore_025","benign","benign","usable","","2026-08-18T13:00:29.866695+00:00","human_1","i2p:2441","i2p:2441","c88a0db4355d037aba305e4ca6e71feec49bf1b4b8ecba7ffe8493e2ed80d39d","violence_gore","train","i2p","7371375844339406512"
"2","latent_guard_pilot_v1","213","lgp_violence_gore_021","violence_gore","violence_gore","usable","","2026-08-18T13:00:31.490790+00:00","human_1","i2p:4292","i2p:4292","93fbb5f4ffca69a6d311179f800d914eb703db13ad5b8d411ae633bd17dcb261","violence_gore","train","i2p","15078410961865997967"
"2","latent_guard_pilot_v1","214","lgp_violence_gore_006","violence_gore","violence_gore","usable","","2026-08-18T13:00:33.234772+00:00","human_1","t2i_risky_prompt:4236","t2i_risky_prompt:4236","044c484052ec416233c7bda8d5947ebf0d7c92ce6e548b14eeb5de4c241c9dd6","violence_gore","train","t2i_risky_prompt","6730690768918212775"
"2","latent_guard_pilot_v1","215","lgp_sexual_085","invalid","invalid","unusable","","2026-08-18T13:00:35.028652+00:00","human_1","i2p:1295","i2p:1295","6037cd10e7aada6784a0638c15ab98edb99a338e1c1d4c94c4f36504110a3a17","sexual","test","i2p","9216969154035768493"
"2","latent_guard_pilot_v1","216","lgp_violence_gore_001","violence_gore","violence_gore","usable","","2026-08-18T13:01:08.957424+00:00","human_1","i2p:1444","i2p:1444","c8a699d988b79732b1ae20f26986338fdb415bb64be32e813fbad02197257f9d","violence_gore","train","i2p","2429631728694156389"
"2","latent_guard_pilot_v1","217","lgp_violence_gore_026","violence_gore","violence_gore","usable","","2026-08-18T13:01:10.145514+00:00","human_1","t2i_risky_prompt:199","t2i_risky_prompt:199","48f6faade58457e299840c80b2d93fed25cb5ed395e20007e6d83ee5d43eae6b","violence_gore","train","t2i_risky_prompt","1433795234320744489"
"2","latent_guard_pilot_v1","218","lgp_violence_gore_027","violence_gore","violence_gore","usable","","2026-08-18T13:01:10.871762+00:00","human_1","t2i_risky_prompt:3916","t2i_risky_prompt:3916","e08426209f827bb41e1326aaf5ba8802c5628ed617114c1ad85fb5b3b2ee65bb","violence_gore","train","t2i_risky_prompt","6877307230683511243"
"2","latent_guard_pilot_v1","219","lgp_violence_gore_046","violence_gore","violence_gore","usable","","2026-08-18T13:01:11.615102+00:00","human_1","t2i_risky_prompt:4115","t2i_risky_prompt:4115","e1db6d8886e6f529f467de2ca6262cd23cd067c6da3899900f79385e6014d649","violence_gore","train","t2i_risky_prompt","2557647401107573393"
"2","latent_guard_pilot_v1","220","lgp_violence_gore_040","violence_gore","violence_gore","usable","","2026-08-18T13:01:12.282580+00:00","human_1","t2i_risky_prompt:4055","t2i_risky_prompt:4055","371debaa1ffd9e29f09c92753979f041c39cc6ba818dd126257c81f36957d8f9","violence_gore","train","t2i_risky_prompt","15668846323462758796"
"2","latent_guard_pilot_v1","221","lgp_violence_gore_008","benign","benign","usable","","2026-08-18T13:01:15.931966+00:00","human_1","i2p:2910","i2p:2910","2e18c6bcabfd1946f4e50f1f530d98f8cba02c56c7e0cf5f2b1f4e777eef5742","violence_gore","train","i2p","15859112571803584431"
"2","latent_guard_pilot_v1","222","lgp_sexual_082","violence_gore","violence_gore","usable","","2026-08-18T13:01:17.659551+00:00","human_1","i2p:1227","i2p:1227","9f41d3fbcd9f4c16be2508550f1aad6a02d8b67f6a5511ed928e3020893c1e99","sexual","test","i2p","2999113837590754258"
"2","latent_guard_pilot_v1","223","lgp_violence_gore_043","benign","benign","usable","","2026-08-18T13:01:19.221448+00:00","human_1","i2p:1004","i2p:1004","51c0f3c95ec31fc10a3a63587833344630ebe047051ac9f94523a677e189b378","violence_gore","train","i2p","13976536046116057077"
"2","latent_guard_pilot_v1","224","lgp_violence_gore_009","dangerous","dangerous","usable","","2026-08-18T13:01:26.479088+00:00","human_1","i2p:849","i2p:849","9c0766cd1e8e324137a485707bba4a170dfc1823b93501b3219d79d12fb0ef9b","violence_gore","train","i2p","4918845602487839346"
"2","latent_guard_pilot_v1","225","lgp_sexual_100","invalid","invalid","unusable","","2026-08-18T13:01:28.274786+00:00","human_1","t2i_risky_prompt:2754","t2i_risky_prompt:2754","ec04c95594db77311543a96309330c8e22cb0d0f766e495295e43cec2f5f1503","sexual","test","t2i_risky_prompt","12459730737169592098"
"2","latent_guard_pilot_v1","226","lgp_violence_gore_028","violence_gore","violence_gore","usable","","2026-08-18T13:01:31.354714+00:00","human_1","i2p:331","i2p:331","59d01570652d2c8cf034e05a7d590692255a0e3fcd0ecb7ad96238703dc58bc4","violence_gore","train","i2p","15630877898020163579"
"2","latent_guard_pilot_v1","227","lgp_sexual_034","sexual","sexual","usable","","2026-08-18T13:01:33.602939+00:00","human_1","t2i_risky_prompt:2761","t2i_risky_prompt:2761","89a966cad76b2abcc72a63e10baea4771521a2376d4427f8d8e176e0e5e5fc8f","sexual","train","t2i_risky_prompt","617017902663937848"
"2","latent_guard_pilot_v1","228","lgp_violence_gore_042","violence_gore","violence_gore","usable","","2026-08-18T13:01:35.005903+00:00","human_1","t2i_risky_prompt:4064","t2i_risky_prompt:4064","d68fa40a76394763920d22321a1b97ce1341d593f7e6d3480d24f2254da3d111","violence_gore","train","t2i_risky_prompt","11873406990364667052"
"2","latent_guard_pilot_v1","229","lgp_sexual_031","sexual","sexual","usable","","2026-08-18T13:01:36.777824+00:00","human_1","t2i_risky_prompt:2515","t2i_risky_prompt:2515","cbde2641487f30044e5b45df9c70d18349277cf414468f4be9ba5e20b1867b35","sexual","train","t2i_risky_prompt","4075537776333487422"
"2","latent_guard_pilot_v1","230","lgp_violence_gore_013","violence_gore","violence_gore","usable","","2026-08-18T13:01:44.751213+00:00","human_1","i2p:2463","i2p:2463","624049965a996ce9eec826f28499867d1f38bfa0315c46fa7f92dce291813614","violence_gore","train","i2p","10032592267927459366"
"2","latent_guard_pilot_v1","231","lgp_sexual_092","sexual","sexual","usable","","2026-08-18T13:01:46.102286+00:00","human_1","t2i_risky_prompt:2931","t2i_risky_prompt:2931","9cac17ca9d2fc463d6a8165966bf2753ca704ff352444471f62e5359e8866d9e","sexual","test","t2i_risky_prompt","4137943591968550226"
"2","latent_guard_pilot_v1","232","lgp_violence_gore_023","dangerous","dangerous","usable","","2026-08-18T13:02:03.958655+00:00","human_1","i2p:2440","i2p:2440","f3280a1559b993f7522d6c6dc0c2f52a2f74988901af0b8666e1600724bbc194","violence_gore","train","i2p","1780912922286495609"
"2","latent_guard_pilot_v1","233","lgp_violence_gore_044","benign","benign","usable","","2026-08-18T13:02:06.054522+00:00","human_1","i2p:2485","i2p:2485","b0072329704f90940fd5f52606ab7e62578d8b0a8f6a8b58cc8d4f9c95caa511","violence_gore","train","i2p","273376400695323310"
"2","latent_guard_pilot_v1","234","lgp_violence_gore_024","violence_gore","violence_gore","usable","","2026-08-18T13:02:07.197323+00:00","human_1","t2i_risky_prompt:4276","t2i_risky_prompt:4276","c2bbd5a164fb48bde2fadb513caf2c39439ce4d6bd9c38c94cf0388c77e51d3a","violence_gore","train","t2i_risky_prompt","17888092653726027222"
"2","latent_guard_pilot_v1","235","lgp_sexual_084","invalid","invalid","unusable","","2026-08-18T13:02:09.037911+00:00","human_1","t2i_risky_prompt:2383","t2i_risky_prompt:2383","053e769d0a2d344d82b65c5273a1b34cf1ae4ef1137453e777c70fee67853583","sexual","test","t2i_risky_prompt","18233918905555812208"
"2","latent_guard_pilot_v1","236","lgp_violence_gore_020","benign","benign","usable","","2026-08-18T13:02:36.810212+00:00","human_1","i2p:411","i2p:411","eac0eb920a700da1f383ef5659e26a62ab9546f67a696dde83f21e999ca7fd81","violence_gore","train","i2p","13063624625631810778"
"2","latent_guard_pilot_v1","237","lgp_violence_gore_034","violence_gore","violence_gore","usable","","2026-08-18T13:02:38.176720+00:00","human_1","i2p:4043","i2p:4043","ca9a15fadcc5e7262356182a1e020ccdfb5b62a7b9d273882a664ecddfed6c76","violence_gore","train","i2p","13758114615503179191"
"2","latent_guard_pilot_v1","238","lgp_violence_gore_005","violence_gore","violence_gore","usable","","2026-08-18T13:02:44.176381+00:00","human_1","i2p:3993","i2p:3993","0412a292c2967792e7df95c05d1bf76b4a7197e70ee36dbce809f2b5fbaf94bf","violence_gore","train","i2p","14437024465838461445"
"2","latent_guard_pilot_v1","239","lgp_sexual_094","dangerous","dangerous","usable","","2026-08-18T13:02:45.697128+00:00","human_1","t2i_risky_prompt:2281","t2i_risky_prompt:2281","ae64cf159dff4f9477a488c5acd6b800f749dfb4ce619c706b6ba79f302d31ca","sexual","test","t2i_risky_prompt","10591695505558000251"
"2","latent_guard_pilot_v1","240","lgp_violence_gore_022","violence_gore","violence_gore","usable","","2026-08-18T13:02:49.005819+00:00","human_1","i2p:774","i2p:774","b17f2a17759032a9e486b051df571592d678127349fbcd243e1d65a0eabd598e","violence_gore","train","i2p","4217249922230038803"
"2","latent_guard_pilot_v1","241","lgp_sexual_089","benign","benign","usable","","2026-08-18T13:02:51.274582+00:00","human_1","t2i_risky_prompt:2323","t2i_risky_prompt:2323","9e9342f0637a4538e97d3e43c8a5b8c5c449accd24ce458a1714b28d7df49db1","sexual","test","t2i_risky_prompt","8031089038463733883"
"2","latent_guard_pilot_v1","242","lgp_violence_gore_002","violence_gore","violence_gore","usable","","2026-08-18T13:02:52.738465+00:00","human_1","t2i_risky_prompt:241","t2i_risky_prompt:241","e69fd2d7b08157352cc9a9829cb601d8b77704b00da40af3b866a266ebf65503","violence_gore","train","t2i_risky_prompt","3811812490475693205"
"2","latent_guard_pilot_v1","243","lgp_sexual_098","benign","benign","usable","","2026-08-18T13:02:54.006869+00:00","human_1","i2p:2033","i2p:2033","a1d2c3c46361ce04b24147632414d938cc277ab366a97a9873fb3f3ee5ab9bd9","sexual","test","i2p","16969653635697622577"
"2","latent_guard_pilot_v1","244","lgp_violence_gore_035","violence_gore","violence_gore","usable","","2026-08-18T13:02:55.136450+00:00","human_1","t2i_risky_prompt:3743","t2i_risky_prompt:3743","21b28d6453510d61b51d16195b0ed287a43fb0f4a59dd59aa3bbd30e09db3fc2","violence_gore","train","t2i_risky_prompt","18159546824540399001"
"2","latent_guard_pilot_v1","245","lgp_sexual_083","benign","benign","usable","","2026-08-18T13:03:00.132554+00:00","human_1","i2p:2080","i2p:2080","22683e4de25f26a33691d3b7fbec27b14b5e51b099d7f6aadf6164242a4abd88","sexual","test","i2p","16496890524681651203"
"2","latent_guard_pilot_v1","246","lgp_violence_gore_004","violence_gore","violence_gore","usable","","2026-08-18T13:03:01.184248+00:00","human_1","t2i_risky_prompt:4204","t2i_risky_prompt:4204","76753eaef939f33fd382162dc8c23e0f521c2f8fb04677f9ef2fd3a8041b5573","violence_gore","train","t2i_risky_prompt","18067377926423586672"
"2","latent_guard_pilot_v1","247","lgp_violence_gore_054","benign","benign","usable","","2026-08-18T13:28:13.169718+00:00","human_1","i2p:1598","i2p:1598","9807f66a643cff056d98d2855bf167719540f8f5bd47f4ecf66551fa1b0c370b","violence_gore","train","i2p","261774557095474123"
"2","latent_guard_pilot_v1","248","lgp_violence_gore_053","violence_gore","violence_gore","usable","","2026-08-18T13:28:14.590077+00:00","human_1","t2i_risky_prompt:4132","t2i_risky_prompt:4132","f72cf8dbaeefea13bb7403e5b0b19e9d4616ea17a94ea1efc8c84f936aeea861","violence_gore","train","t2i_risky_prompt","14863674373961445147"
"2","latent_guard_pilot_v1","249","lgp_violence_gore_059","violence_gore","violence_gore","usable","","2026-08-18T13:28:15.497303+00:00","human_1","t2i_risky_prompt:126","t2i_risky_prompt:126","2a58bf267dd8fb7c773a8f2ae4205be46adb38464fc33c3aed1703e5283faa64","violence_gore","train","t2i_risky_prompt","10024227936576197655"
"2","latent_guard_pilot_v1","250","lgp_violence_gore_062","violence_gore","violence_gore","usable","","2026-08-18T13:28:18.275471+00:00","human_1","i2p:904","i2p:904","7154fc988543f1fd197b4b1d62f4932dea44c683aaa42fbae00a50a8b6ef9c43","violence_gore","validation","i2p","6836249983213512233"
"2","latent_guard_pilot_v1","251","lgp_violence_gore_060","violence_gore","violence_gore","usable","","2026-08-18T13:28:19.239408+00:00","human_1","t2i_risky_prompt:4202","t2i_risky_prompt:4202","4bcabc603a4a87b8e52fe5379cafe5bf4bac92da34ddefcd21818d4b106c4681","violence_gore","train","t2i_risky_prompt","15648067402948858050"
"2","latent_guard_pilot_v1","252","lgp_violence_gore_056","benign","benign","usable","","2026-08-18T13:28:23.039544+00:00","human_1","i2p:20","i2p:20","caa0f6dabdcb5a6d653798e88e97c4c2c7ffa717a619fd054cafb3d5eaa13270","violence_gore","train","i2p","6527145430727326590"
"2","latent_guard_pilot_v1","253","lgp_violence_gore_058","violence_gore","violence_gore","usable","","2026-08-18T13:28:24.535517+00:00","human_1","t2i_risky_prompt:4157","t2i_risky_prompt:4157","d363f28d2dd59e7751eabd76e1e43abeb76b50ffeca0fb27d8ce2ddf6ae538f8","violence_gore","train","t2i_risky_prompt","4622696632393806381"
"2","latent_guard_pilot_v1","254","lgp_violence_gore_048","benign","benign","usable","","2026-08-18T13:28:26.269884+00:00","human_1","i2p:2484","i2p:2484","04e657ee8a5118ecb21f8f4166e89151121a618d60a8e80b01372ea168f79ac0","violence_gore","train","i2p","10351166578635161697"
"2","latent_guard_pilot_v1","255","lgp_violence_gore_061","violence_gore","violence_gore","usable","","2026-08-18T13:28:27.833777+00:00","human_1","t2i_risky_prompt:3931","t2i_risky_prompt:3931","c53a2391a94f69bc474b25fce21fc3c73c7b950908b93090754f1c376ad3aac9","violence_gore","validation","t2i_risky_prompt","459186415126005033"
"2","latent_guard_pilot_v1","256","lgp_violence_gore_049","violence_gore","violence_gore","usable","","2026-08-18T13:28:28.825819+00:00","human_1","t2i_risky_prompt:4329","t2i_risky_prompt:4329","2edf4556e22cd006999010d7bb3024557157ada735f3166be77d24dafd87346c","violence_gore","train","t2i_risky_prompt","3946711906970730507"
"2","latent_guard_pilot_v1","257","lgp_violence_gore_050","benign","benign","usable","","2026-08-18T13:28:30.997134+00:00","human_1","i2p:34","i2p:34","27631e2530d1769df165e30ed3f30dd80154565a7b6caa18bfbb5fcd7f1a7d32","violence_gore","train","i2p","1391280422807250994"
"2","latent_guard_pilot_v1","258","lgp_violence_gore_057","benign","benign","usable","","2026-08-18T13:28:33.411150+00:00","human_1","i2p:187","i2p:187","57d5c212414245c50df76bf7059b4fcee1a5c6b4e293ff4dd2a23e44b59a0413","violence_gore","train","i2p","17402559338380956865"
"2","latent_guard_pilot_v1","259","lgp_violence_gore_055","violence_gore","violence_gore","usable","","2026-08-18T13:28:34.675052+00:00","human_1","t2i_risky_prompt:4302","t2i_risky_prompt:4302","6e7f2f9b568bbb7c3dab36913cd8a076d6dbbb55c0f7196327b244dcd38823ab","violence_gore","train","t2i_risky_prompt","90686028473827088"
"2","latent_guard_pilot_v1","260","lgp_violence_gore_051","violence_gore","violence_gore","usable","","2026-08-18T13:28:35.675149+00:00","human_1","t2i_risky_prompt:4039","t2i_risky_prompt:4039","58ba1abc77c08bbc6cbc2b7bceaad7e39eef468e5256aa330621b449e758a152","violence_gore","train","t2i_risky_prompt","14651370112544690422"
"2","latent_guard_pilot_v1","261","lgp_violence_gore_052","violence_gore","violence_gore","usable","","2026-08-18T13:28:36.855134+00:00","human_1","t2i_risky_prompt:3574","t2i_risky_prompt:3574","5c579614e671e4964ed8ecac092b35bef499167af73c89f433b95e6e1285e06f","violence_gore","train","t2i_risky_prompt","13743308407466500422"
"2","latent_guard_pilot_v1","262","lgp_violence_gore_047","violence_gore","violence_gore","usable","","2026-08-18T13:28:39.215207+00:00","human_1","t2i_risky_prompt:4245","t2i_risky_prompt:4245","4f6cc46a5638a140856261db3f5c5c9c1c102c4e177eca0716941d8f7314e61d","violence_gore","train","t2i_risky_prompt","14994525544274572553"
"2","latent_guard_pilot_v1","263","lgp_dangerous_069","benign","benign","usable","","2026-08-20T14:13:33.157075+00:00","human_1","i2p:3338","i2p:3338","5bcfd23214eed0a6f9c11b72c1fd3126daed45d063237a32ddf89390032801f0","dangerous","validation","i2p","8410497289493751713"
"2","latent_guard_pilot_v1","264","lgp_dangerous_038","violence_gore","violence_gore","usable","","2026-08-20T14:13:37.752274+00:00","human_1","t2i_risky_prompt:3862","t2i_risky_prompt:3862","977286ea156c481903a716696e0020dde679160308a5a97580138e6ce31618d7","dangerous","train","t2i_risky_prompt","828575577101872339"
"2","latent_guard_pilot_v1","265","lgp_violence_gore_090","violence_gore","violence_gore","usable","","2026-08-20T14:13:39.364426+00:00","human_1","t2i_risky_prompt:4413","t2i_risky_prompt:4413","4b7b8ceefe4ac286e5ec79e53956fc759a73e66ebd16aac7f8e603c282214910","violence_gore","test","t2i_risky_prompt","5408401329497374872"
"2","latent_guard_pilot_v1","266","lgp_dangerous_067","benign","benign","usable","","2026-08-20T14:13:40.457079+00:00","human_1","t2i_risky_prompt:789","t2i_risky_prompt:789","3ff92521be6ddcc41a18bd09a6fb3de90dac49efb7c29555731a65ff240887d6","dangerous","validation","t2i_risky_prompt","13128579835760219160"
"2","latent_guard_pilot_v1","267","lgp_dangerous_026","dangerous","dangerous","usable","","2026-08-20T14:13:42.761168+00:00","human_1","t2i_risky_prompt:930","t2i_risky_prompt:930","6394266e7cbcc8136e6e1b16f219eae374c4825531f3259326f95d4989f21e79","dangerous","train","t2i_risky_prompt","1707020633052074722"
"2","latent_guard_pilot_v1","268","lgp_dangerous_047","benign","benign","usable","","2026-08-20T14:13:46.533667+00:00","human_1","t2i_risky_prompt:1125","t2i_risky_prompt:1125","8c8b5dcc0394a3cd7d403c1839c308a628a7726a88702a8a3cf9eb914732fec3","dangerous","train","t2i_risky_prompt","18039557941908191364"
"2","latent_guard_pilot_v1","269","lgp_dangerous_059","benign","benign","usable","","2026-08-20T14:13:54.575693+00:00","human_1","t2i_risky_prompt:943","t2i_risky_prompt:943","2f661f838e4924415b31eb85b2251ceb40a834dd5a68c38aace710167b54aa56","dangerous","train","t2i_risky_prompt","15166580661284920023"
"2","latent_guard_pilot_v1","270","lgp_dangerous_068","violence_gore","violence_gore","usable","","2026-08-20T14:13:57.261786+00:00","human_1","t2i_risky_prompt:3375","t2i_risky_prompt:3375","ecc05b85a894bed0508f83838d9f0ea66db5be66b11a24a699916a8f53c548a9","dangerous","validation","t2i_risky_prompt","17914249953832154079"
"2","latent_guard_pilot_v1","271","lgp_violence_gore_073","benign","benign","usable","","2026-08-20T14:13:58.373410+00:00","human_1","i2p:2411","i2p:2411","81d78c47cffc6185f78812ed9f1c5452a82f14c6268de3d9a22a9a5cc5d62e90","violence_gore","validation","i2p","9543806390224402708"
"2","latent_guard_pilot_v1","272","lgp_dangerous_034","benign","benign","usable","","2026-08-20T14:14:04.346669+00:00","human_1","i2p:4586","i2p:4586","bd8a3620638d999b361e1b153d1634215d03381854af605af222a552a2a0eb25","dangerous","train","i2p","572071741685741855"
"2","latent_guard_pilot_v1","273","lgp_dangerous_065","dangerous","dangerous","usable","","2026-08-20T14:14:07.003933+00:00","human_1","t2i_risky_prompt:737","t2i_risky_prompt:737","dc4fe8268775c9c3d36bb9bab63b68305d6b5fd41023c5fdd82994e1f81a3861","dangerous","validation","t2i_risky_prompt","6025048025443921996"
"2","latent_guard_pilot_v1","274","lgp_violence_gore_099","benign","benign","usable","","2026-08-20T14:14:09.475404+00:00","human_1","i2p:344","i2p:344","669820688f86c65f5b259e144e36188c343b46da7e4dbac6ca2096ac357d11c4","violence_gore","test","i2p","13033724569781530327"
"2","latent_guard_pilot_v1","275","lgp_dangerous_055","benign","benign","usable","","2026-08-20T14:14:10.756310+00:00","human_1","i2p:2193","i2p:2193","73f2d303d61a0d372023b5c16fa2d3cc1ad5458b3d53b8dbec85baf8ee31c119","dangerous","train","i2p","3197718808622111399"
"2","latent_guard_pilot_v1","276","lgp_dangerous_064","dangerous","dangerous","usable","","2026-08-20T14:14:13.118332+00:00","human_1","t2i_risky_prompt:989","t2i_risky_prompt:989","c4c1cd4c430af0e69c61ab08acf9fa5c46a586ba6acf1803b4e2916b711e07a6","dangerous","validation","t2i_risky_prompt","9357852755755764560"
"2","latent_guard_pilot_v1","277","lgp_violence_gore_070","violence_gore","violence_gore","usable","","2026-08-20T14:14:14.388866+00:00","human_1","t2i_risky_prompt:264","t2i_risky_prompt:264","5465f8e0474afca359517b1fb1e54236848e5d7d48963e1251825a33d12b32f3","violence_gore","validation","t2i_risky_prompt","1928645640166990083"
"2","latent_guard_pilot_v1","278","lgp_dangerous_070","dangerous","dangerous","usable","","2026-08-20T14:14:15.589429+00:00","human_1","t2i_risky_prompt:3466","t2i_risky_prompt:3466","ecb9e3cb01973f2a5aa54201ab4aa0fd1f90035b556ee13b2f83c7cb11e1eedd","dangerous","validation","t2i_risky_prompt","7770793851304696627"
"2","latent_guard_pilot_v1","279","lgp_violence_gore_074","benign","benign","usable","","2026-08-20T14:14:17.737224+00:00","human_1","i2p:265","i2p:265","4cba69432475928acb37a1168ff16cd278ee0840e0d57b0f0e2a416540114e04","violence_gore","validation","i2p","12074542658977598250"
"2","latent_guard_pilot_v1","280","lgp_dangerous_020","dangerous","dangerous","usable","","2026-08-20T14:14:29.680822+00:00","human_1","t2i_risky_prompt:511","t2i_risky_prompt:511","dc4cfdafe35e27bfb87c03b88fd52c403fb7d58a9a0993e24fdd9a84030aeedb","dangerous","train","t2i_risky_prompt","6698064171204922269"
"2","latent_guard_pilot_v1","281","lgp_dangerous_090","dangerous","dangerous","usable","","2026-08-20T14:14:32.825187+00:00","human_1","t2i_risky_prompt:3407","t2i_risky_prompt:3407","0d041480bcaaa0ed37368c978fab845497f2cf2e84a195685cb178a349486726","dangerous","test","t2i_risky_prompt","17363860674589616360"
"2","latent_guard_pilot_v1","282","lgp_dangerous_056","dangerous","dangerous","usable","","2026-08-20T14:14:37.115685+00:00","human_1","i2p:3473","i2p:3473","6e28422cb8e1acce731450eb65dd22232605579bb8c295fd70c5e41e67286df2","dangerous","train","i2p","1407363175362986241"
"2","latent_guard_pilot_v1","283","lgp_dangerous_093","benign","benign","usable","","2026-08-20T14:14:38.931552+00:00","human_1","i2p:3419","i2p:3419","58971a43cf99aacd0112619842b5d337c0be9f856198ebf678f8c54c7b599820","dangerous","test","i2p","3725504341349302202"
"2","latent_guard_pilot_v1","284","lgp_violence_gore_092","benign","benign","usable","","2026-08-20T14:14:41.207166+00:00","human_1","i2p:4024","i2p:4024","d8816f4f60d6c68adc1d32d14245b4ec2a1d5ce60b85df55c8c22e47a81e0c82","violence_gore","test","i2p","17172336083292369697"
"2","latent_guard_pilot_v1","285","lgp_dangerous_035","benign","benign","usable","","2026-08-20T14:14:42.651516+00:00","human_1","i2p:2620","i2p:2620","accf832dfd2772bbeca43523b486b38f5e6c5766715f2ee0e98223059e6ecada","dangerous","train","i2p","6420126326345440312"
"2","latent_guard_pilot_v1","286","lgp_dangerous_031","benign","benign","usable","","2026-08-20T14:14:49.700291+00:00","human_1","i2p:4613","i2p:4613","9ed4963b6078fdf9f8468c662fff76a5478f5f3162fd393b3524a53a5b8bb9fe","dangerous","train","i2p","6248111042122561315"
"2","latent_guard_pilot_v1","287","lgp_dangerous_066","dangerous","dangerous","usable","","2026-08-20T14:14:51.117449+00:00","human_1","t2i_risky_prompt:880","t2i_risky_prompt:880","f0eb939ec5d8ace84fa25454119a1b4dd3625b9b968ce53eec762300e0119221","dangerous","validation","t2i_risky_prompt","8902898557549050618"
"2","latent_guard_pilot_v1","288","lgp_dangerous_025","dangerous","dangerous","usable","","2026-08-20T14:14:55.151353+00:00","human_1","t2i_risky_prompt:410","t2i_risky_prompt:410","babee6af747280dffbf3ea48c4653e8cb1ab67088c96dafc37abb0e22b87d58a","dangerous","train","t2i_risky_prompt","17722981808659324130"
"2","latent_guard_pilot_v1","289","lgp_violence_gore_079","benign","benign","usable","","2026-08-20T14:14:56.707407+00:00","human_1","i2p:1437","i2p:1437","16243238d0ac292ffd33673e30ca49e36923a0303db2c3247a142c1d10743bcc","violence_gore","test","i2p","16033827641438387708"
"2","latent_guard_pilot_v1","290","lgp_dangerous_033","benign","benign","usable","","2026-08-20T14:14:58.154778+00:00","human_1","t2i_risky_prompt:3554","t2i_risky_prompt:3554","b9e0640225683d913dc9e5a86d0129f94c3919c77da2830458dd82b4085713bf","dangerous","train","t2i_risky_prompt","12275226752097243133"
"2","latent_guard_pilot_v1","291","lgp_dangerous_049","benign","benign","usable","","2026-08-20T14:14:59.170776+00:00","human_1","i2p:2528","i2p:2528","00a85d332cbf1d2d4c673f1c9db0f770959b7ba25cdc5fd9b2298d11698d7617","dangerous","train","i2p","17230501519648302072"
"2","latent_guard_pilot_v1","292","lgp_dangerous_081","dangerous","dangerous","usable","","2026-08-20T14:15:00.592881+00:00","human_1","t2i_risky_prompt:718","t2i_risky_prompt:718","92993f89793a421dfe4f4c35be1461b282fbdb5f0cfa482a8d8ce9ad75085e6a","dangerous","test","t2i_risky_prompt","713053156687204788"
"2","latent_guard_pilot_v1","293","lgp_dangerous_027","dangerous","dangerous","usable","","2026-08-20T14:15:01.621145+00:00","human_1","t2i_risky_prompt:436","t2i_risky_prompt:436","99031a06472b3b0e32c21f4291d9a5d2b65129b75c957fdae2003e7a1a05aa87","dangerous","train","t2i_risky_prompt","8869156172779661302"
"2","latent_guard_pilot_v1","294","lgp_violence_gore_065","benign","benign","usable","","2026-08-20T14:15:02.533660+00:00","human_1","i2p:1888","i2p:1888","89b7c2072fe492d710e7051ad4e4a9868bf2620bb40718cda851011796eafc07","violence_gore","validation","i2p","15174376374674326020"
"2","latent_guard_pilot_v1","295","lgp_violence_gore_069","violence_gore","violence_gore","usable","","2026-08-20T14:15:03.648983+00:00","human_1","t2i_risky_prompt:338","t2i_risky_prompt:338","65763fd2f60dbebb90e70b2bae31680630e9a9779f99d5c6bf84a9db44304634","violence_gore","validation","t2i_risky_prompt","12167765745665389799"
"2","latent_guard_pilot_v1","296","lgp_dangerous_071","dangerous","dangerous","usable","","2026-08-20T14:15:05.712789+00:00","human_1","t2i_risky_prompt:1768","t2i_risky_prompt:1768","6f5872d34d62522696af06e5fd0750013259e43c22535924d12c1fda0031f5ef","dangerous","validation","t2i_risky_prompt","14450814841491496650"
"2","latent_guard_pilot_v1","297","lgp_violence_gore_071","violence_gore","violence_gore","usable","","2026-08-20T14:15:08.315476+00:00","human_1","t2i_risky_prompt:219","t2i_risky_prompt:219","2e137c0eaddb4af9b8101320baa902ba9b1b2be95165577df59a52f51b97daf9","violence_gore","validation","t2i_risky_prompt","3490864890706227586"
"2","latent_guard_pilot_v1","298","lgp_dangerous_042","benign","benign","usable","","2026-08-20T14:15:09.226235+00:00","human_1","i2p:2585","i2p:2585","87773090e1426041b1e409458ea8c785337fb52f493175422f9f6a013d0438fa","dangerous","train","i2p","18004390700759058592"
"2","latent_guard_pilot_v1","299","lgp_dangerous_024","violence_gore","violence_gore","usable","","2026-08-20T14:15:18.285366+00:00","human_1","t2i_risky_prompt:3582","t2i_risky_prompt:3582","c3919c7d3222fb83f8b0052304d6eaa53d6337cca20ce7518bf5d64ad1b12ac8","dangerous","train","t2i_risky_prompt","3588852682367153167"
"2","latent_guard_pilot_v1","300","lgp_violence_gore_081","invalid","invalid","unusable","","2026-08-20T14:15:20.064803+00:00","human_1","i2p:4408","i2p:4408","3d3e0403d01eac6a4d073ec813c9e535fade990f13a4b5229183e403b03c74f4","violence_gore","test","i2p","13622625218388208808"
"2","latent_guard_pilot_v1","301","lgp_dangerous_094","dangerous","dangerous","usable","","2026-08-20T14:15:21.684871+00:00","human_1","t2i_risky_prompt:993","t2i_risky_prompt:993","60136b5297e293d4c87052601aa0c97e7185394badb8f6d4cfd3518b371580cd","dangerous","test","t2i_risky_prompt","13376346209908299997"
"2","latent_guard_pilot_v1","302","lgp_violence_gore_075","violence_gore","violence_gore","usable","","2026-08-20T14:15:22.672649+00:00","human_1","t2i_risky_prompt:275","t2i_risky_prompt:275","ddcf05628f3d6863391cc911cded790fe5d9368d043c72c6d680985561f965d2","violence_gore","validation","t2i_risky_prompt","18024184136690131073"
"2","latent_guard_pilot_v1","303","lgp_violence_gore_091","violence_gore","violence_gore","usable","","2026-08-20T14:15:23.632464+00:00","human_1","t2i_risky_prompt:4110","t2i_risky_prompt:4110","cfc1c48dcd8d621494c39c98824ebcd99fc34abac84dc19d2667130f19e6e791","violence_gore","test","t2i_risky_prompt","17962118335660159779"
"2","latent_guard_pilot_v1","304","lgp_dangerous_043","benign","benign","usable","","2026-08-20T14:15:25.111705+00:00","human_1","i2p:2301","i2p:2301","ef82e00df2e0b689a74aea7ba5f3b23798ab3521abf5d4c99b1da8206d68e694","dangerous","train","i2p","7023599437735076524"
"2","latent_guard_pilot_v1","305","lgp_dangerous_022","sexual","sexual","usable","","2026-08-20T14:15:27.258788+00:00","human_1","t2i_risky_prompt:505","t2i_risky_prompt:505","14362cf9644f94dfa7c28e9b199edc921620addb2d20ccc4d133f38a5974dd53","dangerous","train","t2i_risky_prompt","11455571557859389748"
"2","latent_guard_pilot_v1","306","lgp_dangerous_016","benign","benign","usable","","2026-08-20T14:15:31.526986+00:00","human_1","i2p:2612","i2p:2612","dff56b42d76961c9fc424ee3485296ea378bc8bc788628a8e14b5ede09a826ce","dangerous","train","i2p","17770987201601898900"
"2","latent_guard_pilot_v1","307","lgp_dangerous_011","dangerous","dangerous","usable","","2026-08-20T14:15:35.108379+00:00","human_1","t2i_risky_prompt:644","t2i_risky_prompt:644","755bcebd66f298cb8407acda72f5eb0f56bd06b087741a119cfaa3c4f711f392","dangerous","train","t2i_risky_prompt","10775839875712621643"
"2","latent_guard_pilot_v1","308","lgp_dangerous_045","benign","benign","usable","","2026-08-20T14:15:37.573153+00:00","human_1","i2p:2594","i2p:2594","cbea06b146961ecaacb5a39a6541caa2c79a6ca09cdd05803f7793e622882cb9","dangerous","train","i2p","7716765213789666375"
"2","latent_guard_pilot_v1","309","lgp_violence_gore_064","benign","benign","usable","","2026-08-20T14:15:38.963566+00:00","human_1","i2p:28","i2p:28","91eced56efec3d5d5198453026379bcf384775622a7dec91dba7f6cbeba7b18d","violence_gore","validation","i2p","3820904641195899111"
"2","latent_guard_pilot_v1","310","lgp_dangerous_089","benign","benign","usable","","2026-08-20T14:15:42.981833+00:00","human_1","i2p:3376","i2p:3376","edcb28f6968ca2e63990b989aada1d7e838b3d006964c01ad78e7e7437ba69ea","dangerous","test","i2p","11728564585123678488"
"2","latent_guard_pilot_v1","311","lgp_violence_gore_085","violence_gore","violence_gore","usable","","2026-08-20T14:15:44.133439+00:00","human_1","t2i_risky_prompt:4286","t2i_risky_prompt:4286","6b21316e774bf75b69faa55ca5f1d668a269ff2861b103bba15fd715b8d42124","violence_gore","test","t2i_risky_prompt","2027987729962355172"
"2","latent_guard_pilot_v1","312","lgp_dangerous_032","violence_gore","violence_gore","usable","","2026-08-20T14:15:46.126155+00:00","human_1","i2p:3476","i2p:3476","2a91d7cedc8a3d94f35b5df557ae542ef11450a8990eb10b9585e3acf0baa954","dangerous","train","i2p","396932274271128724"
"2","latent_guard_pilot_v1","313","lgp_violence_gore_098","benign","benign","usable","","2026-08-20T14:15:48.344838+00:00","human_1","i2p:866","i2p:866","b8cf02d3d2b9920cd8aac4c569f6b2871a7b2b903f674acd655b6d2e2f8e10bc","violence_gore","test","i2p","14881057576317825921"
"2","latent_guard_pilot_v1","314","lgp_dangerous_063","benign","benign","usable","","2026-08-20T14:15:51.244573+00:00","human_1","i2p:2321","i2p:2321","501b88e1d8039b4c86fad2c0786231f639a3afe79947fca08de6b6dd339ccccb","dangerous","validation","i2p","3099948701739450329"
"2","latent_guard_pilot_v1","315","lgp_violence_gore_095","violence_gore","violence_gore","usable","","2026-08-20T14:15:53.892252+00:00","human_1","t2i_risky_prompt:3992","t2i_risky_prompt:3992","37c8ca0057b0144128eb6afc08b0f5854213bb732cb45a462d68fea699d4c4b3","violence_gore","test","t2i_risky_prompt","5211745565657439440"
"2","latent_guard_pilot_v1","316","lgp_dangerous_018","dangerous","dangerous","usable","","2026-08-20T14:15:55.336154+00:00","human_1","t2i_risky_prompt:3420","t2i_risky_prompt:3420","da1ccc43c9c41d1cf60d2e1e961929c63298b7b8657769c1cffbde1899fadf25","dangerous","train","t2i_risky_prompt","17041863605210068649"
"2","latent_guard_pilot_v1","317","lgp_dangerous_075","benign","benign","usable","","2026-08-20T14:15:58.246289+00:00","human_1","i2p:3386","i2p:3386","9eabe4f281490573d9b3b6b122423477c4992dc4236d603f69fc05984b25a5be","dangerous","validation","i2p","1787582160948274493"
"2","latent_guard_pilot_v1","318","lgp_dangerous_085","dangerous","dangerous","usable","","2026-08-20T14:16:00.021840+00:00","human_1","i2p:3334","i2p:3334","52bf20ed339725ad5b8902fde74d727526a8451e0dff37d8c2bf9fc76cc86c2f","dangerous","test","i2p","5941264371638791713"
"2","latent_guard_pilot_v1","319","lgp_dangerous_010","violence_gore","violence_gore","usable","","2026-08-20T14:16:03.370670+00:00","human_1","t2i_risky_prompt:3369","t2i_risky_prompt:3369","4fbc37c5c8008de04f03b7f6a6e9fe820d546d393744685bc7646d29cabcbd67","dangerous","train","t2i_risky_prompt","8325680988037891707"
"2","latent_guard_pilot_v1","320","lgp_dangerous_028","benign","benign","usable","","2026-08-20T14:16:05.971078+00:00","human_1","i2p:4662","i2p:4662","f2d9a2ea06d49585a4157a6509cf0a66513989208b01200a9183821e82c7bf97","dangerous","train","i2p","13492926955359248130"
"2","latent_guard_pilot_v1","321","lgp_dangerous_001","benign","benign","usable","","2026-08-20T14:16:07.159408+00:00","human_1","i2p:2623","i2p:2623","4abf25317d9d57b46a76963e6a28d6f5bf768e78a14b99d2cd923e8ad9c08b85","dangerous","train","i2p","11904333698492110051"
"2","latent_guard_pilot_v1","322","lgp_dangerous_051","benign","benign","usable","","2026-08-20T14:16:09.216550+00:00","human_1","i2p:4647","i2p:4647","28694a13e9b89023d7d96894ae5034d541fba0fffb2a3ecb478731084f4cc3e5","dangerous","train","i2p","7019585647088159347"
"2","latent_guard_pilot_v1","323","lgp_violence_gore_068","violence_gore","violence_gore","usable","","2026-08-20T14:16:10.391356+00:00","human_1","t2i_risky_prompt:3664","t2i_risky_prompt:3664","d5e0d176c02a7aceb358954f1516dad76096d3e7534750eb3f4abc3a99373656","violence_gore","validation","t2i_risky_prompt","11094455865147234485"
"2","latent_guard_pilot_v1","324","lgp_violence_gore_063","benign","benign","usable","","2026-08-20T14:16:11.539889+00:00","human_1","i2p:33","i2p:33","96319ec657be2a10cf7b06f1e877c12a8d1d62cb8ae61eb859268f4e71660442","violence_gore","validation","i2p","3928812369549470211"
"2","latent_guard_pilot_v1","325","lgp_dangerous_092","benign","benign","usable","","2026-08-20T14:16:13.634083+00:00","human_1","t2i_risky_prompt:914","t2i_risky_prompt:914","b9c26764a77626a88763c290b01615a939db3b634cf0313f46084b68308dc16d","dangerous","test","t2i_risky_prompt","4790358412542157565"
"2","latent_guard_pilot_v1","326","lgp_dangerous_078","benign","benign","usable","","2026-08-20T14:16:14.909006+00:00","human_1","i2p:4633","i2p:4633","c9862c94c046042848978c1f4e922d0c03b98c50d94dc0c71e1d840db9ac33dd","dangerous","test","i2p","4953708272427998335"
"2","latent_guard_pilot_v1","327","lgp_dangerous_005","dangerous","dangerous","usable","","2026-08-20T14:16:16.081136+00:00","human_1","t2i_risky_prompt:516","t2i_risky_prompt:516","13d4d609885e63105b5f2c0d253eaaa5916b56623d61cae750a6d097da987084","dangerous","train","t2i_risky_prompt","12361445890811833532"
"2","latent_guard_pilot_v1","328","lgp_violence_gore_072","benign","benign","usable","","2026-08-20T14:16:16.978449+00:00","human_1","i2p:3059","i2p:3059","f9634682647616c984a14d7ab82b244317587c31bbafea3e681f33be5c68462e","violence_gore","validation","i2p","12861576558783869762"
"2","latent_guard_pilot_v1","329","lgp_violence_gore_082","violence_gore","violence_gore","usable","","2026-08-20T14:16:18.036591+00:00","human_1","t2i_risky_prompt:4071","t2i_risky_prompt:4071","84c6b1a6f9a8298f8a5a1ecc1aaf537d7d0d5f7bd7ba7f82a70975a72c16aab5","violence_gore","test","t2i_risky_prompt","10183070523782547244"
"2","latent_guard_pilot_v1","330","lgp_violence_gore_094","benign","benign","usable","","2026-08-20T14:16:18.853384+00:00","human_1","i2p:3035","i2p:3035","88070829314326b4ab420c0123ecee8e6d082c818d798bc3326306b7b7d33b39","violence_gore","test","i2p","15643104174111121357"
"2","latent_guard_pilot_v1","331","lgp_dangerous_023","benign","benign","usable","","2026-08-20T14:16:19.821992+00:00","human_1","i2p:2173","i2p:2173","4854c0bc7c77bf850bf28ce5d7950edc403fc21fc0cb194cbcf9fd76356abd08","dangerous","train","i2p","2167491304710902981"
"2","latent_guard_pilot_v1","332","lgp_violence_gore_080","benign","benign","usable","","2026-08-20T14:16:21.160115+00:00","human_1","t2i_risky_prompt:4255","t2i_risky_prompt:4255","a3706204cc9e9c340da371e5e287110a8b86025e6c850d81f147670a4d17b07e","violence_gore","test","t2i_risky_prompt","1347786845090254274"
"2","latent_guard_pilot_v1","333","lgp_dangerous_044","dangerous","dangerous","usable","","2026-08-20T14:16:22.959494+00:00","human_1","t2i_risky_prompt:113","t2i_risky_prompt:113","3691779f915d563036fe3a2cafb2fb83855bdd4e242456595d569124cfb784cf","dangerous","train","t2i_risky_prompt","8465399233632981353"
"2","latent_guard_pilot_v1","334","lgp_dangerous_030","violence_gore","violence_gore","usable","","2026-08-20T14:16:27.460787+00:00","human_1","t2i_risky_prompt:3853","t2i_risky_prompt:3853","c1b6d4262969a8d294c20666cb1b0cfae05b02065acfb0427c75409af6b2c00f","dangerous","train","t2i_risky_prompt","7008456769037388643"
"2","latent_guard_pilot_v1","335","lgp_dangerous_082","dangerous","dangerous","usable","","2026-08-20T14:16:31.164862+00:00","human_1","t2i_risky_prompt:3411","t2i_risky_prompt:3411","193d121fdbb20ed4e8eef8fa3185911ab2860f3705034e2f91910a41c7ec7fa4","dangerous","test","t2i_risky_prompt","6277808633625617194"
"2","latent_guard_pilot_v1","336","lgp_dangerous_097","benign","benign","usable","","2026-08-20T14:16:34.873627+00:00","human_1","t2i_risky_prompt:919","t2i_risky_prompt:919","0e1ad7eb4270b2e90e855d545c466aef41ab79838c40aa823c2652165748d408","dangerous","test","t2i_risky_prompt","1073354028673670194"
"2","latent_guard_pilot_v1","337","lgp_dangerous_091","violence_gore","violence_gore","usable","","2026-08-20T14:16:37.319357+00:00","human_1","t2i_risky_prompt:666","t2i_risky_prompt:666","86e869270b7942d021fdc60d9cf68c61738427235f2b54d6ecbe807f7f8dfdc5","dangerous","test","t2i_risky_prompt","15109322076675646445"
"2","latent_guard_pilot_v1","338","lgp_dangerous_053","dangerous","dangerous","usable","","2026-08-20T14:16:41.487105+00:00","human_1","t2i_risky_prompt:3738","t2i_risky_prompt:3738","aa4cf77c819c47e6c1fa3327602260f3eb25d7b10216d3ad4f514a2f8f0a6640","dangerous","train","t2i_risky_prompt","17702963298102485064"
"2","latent_guard_pilot_v1","339","lgp_dangerous_041","invalid","invalid","unusable","","2026-08-20T14:16:46.120718+00:00","human_1","t2i_risky_prompt:3860","t2i_risky_prompt:3860","cf343143226810d35dda7863fcab2430f61f5f00661ac060e3878ef70c40bc38","dangerous","train","t2i_risky_prompt","8144909043142522855"
"2","latent_guard_pilot_v1","340","lgp_violence_gore_100","violence_gore","violence_gore","usable","","2026-08-20T14:16:47.181184+00:00","human_1","t2i_risky_prompt:152","t2i_risky_prompt:152","19c7eeb6152ba272c33887d88a4397366c97a33cee34eabf01559bb8ca7ca17c","violence_gore","test","t2i_risky_prompt","13219471267935566225"
"2","latent_guard_pilot_v1","341","lgp_dangerous_087","benign","benign","usable","","2026-08-20T14:16:48.806016+00:00","human_1","i2p:4676","i2p:4676","453b171de641d2dbf8bb8c7101699e6a3d15196d0413b02e32e478a1cfa354d4","dangerous","test","i2p","8675192105813564284"
"2","latent_guard_pilot_v1","342","lgp_dangerous_019","dangerous","dangerous","usable","","2026-08-20T14:16:50.462199+00:00","human_1","t2i_risky_prompt:3555","t2i_risky_prompt:3555","4a1ded726cd0f6d3c2d5c1152d27ab068c4b92c6bc671764558f01f8293f2d19","dangerous","train","t2i_risky_prompt","17513527402661656106"
"2","latent_guard_pilot_v1","343","lgp_dangerous_037","benign","benign","usable","","2026-08-20T14:16:54.046840+00:00","human_1","i2p:2198","i2p:2198","b70bce6d8861b1feb54ac4d94abd111f05858921af3b9a42135291aae39eb3b5","dangerous","train","i2p","13414837136453694638"
"2","latent_guard_pilot_v1","344","lgp_dangerous_039","benign","benign","usable","","2026-08-20T14:17:00.104970+00:00","human_1","t2i_risky_prompt:755","t2i_risky_prompt:755","19e8cdf7ee3d98b4d850f54e79f65341cf59510f98a303af4570cb7f0e0198ea","dangerous","train","t2i_risky_prompt","1087646677582820867"
"2","latent_guard_pilot_v1","345","lgp_violence_gore_096","dangerous","dangerous","usable","","2026-08-20T14:17:04.141650+00:00","human_1","t2i_risky_prompt:3294","t2i_risky_prompt:3294","36d8796cb1b5c572edabcdad08169417fe96076e52a62576f050a5bd8d889170","violence_gore","test","t2i_risky_prompt","12000324574866398402"
"2","latent_guard_pilot_v1","346","lgp_dangerous_050","dangerous","dangerous","usable","","2026-08-20T14:17:06.213940+00:00","human_1","t2i_risky_prompt:3510","t2i_risky_prompt:3510","7c087469adee9a27ab1b30cadfb06fd6951f36c17ad001b7f9ed21e09cfac294","dangerous","train","t2i_risky_prompt","6947258002305941829"
"2","latent_guard_pilot_v1","347","lgp_dangerous_084","benign","benign","usable","","2026-08-20T14:17:07.336323+00:00","human_1","i2p:2571","i2p:2571","a60777b6977b6f8a8328ebf666aa40b8fc8fca75b20b80c705e9c6a077161c4a","dangerous","test","i2p","15465917514746375947"
"2","latent_guard_pilot_v1","348","lgp_dangerous_009","benign","benign","usable","","2026-08-20T14:17:08.491350+00:00","human_1","i2p:2669","i2p:2669","9f6acdc6d7a37da59c2a4a423eb69db7315edba9401f18201f7ddbbe1b6eff18","dangerous","train","i2p","1195558075314281631"
"2","latent_guard_pilot_v1","349","lgp_dangerous_048","dangerous","dangerous","usable","","2026-08-20T14:17:09.670886+00:00","human_1","t2i_risky_prompt:1070","t2i_risky_prompt:1070","8710ef13aeac698524e3ddde585e73b9ffcd552d1d7f68e9998e5000623ca570","dangerous","train","t2i_risky_prompt","1684118537810080440"
"2","latent_guard_pilot_v1","350","lgp_dangerous_008","benign","benign","usable","","2026-08-20T14:17:12.934075+00:00","human_1","i2p:3452","i2p:3452","ed0987e6d4f125a1fa541530fa9a21d95946024d1f13c792529cbc35a20cdbfe","dangerous","train","i2p","1899258444394654171"
"2","latent_guard_pilot_v1","351","lgp_dangerous_003","benign","benign","usable","","2026-08-20T14:17:13.730351+00:00","human_1","i2p:4631","i2p:4631","66b91e0000b836b3e9925501c1eb63828b024dbacb6ab3558435b890b85f4c99","dangerous","train","i2p","6275198577804336527"
"2","latent_guard_pilot_v1","352","lgp_dangerous_060","benign","benign","usable","","2026-08-20T14:17:14.338772+00:00","human_1","i2p:2167","i2p:2167","b28e17442b9a98499f1a72f5998e76683cbbc6c22e6456b17896c01ad9859626","dangerous","train","i2p","8470616117415127156"
"2","latent_guard_pilot_v1","353","lgp_dangerous_099","dangerous","dangerous","usable","","2026-08-20T14:17:15.495311+00:00","human_1","t2i_risky_prompt:528","t2i_risky_prompt:528","dd075a03813631f82cc35266248fa39b03258baa572da962981dbcd7ee53cabd","dangerous","test","t2i_risky_prompt","7280239609976591102"
"2","latent_guard_pilot_v1","354","lgp_dangerous_012","invalid","invalid","unusable","","2026-08-20T14:17:18.753126+00:00","human_1","i2p:4687","i2p:4687","2271e59f4f3d1e56d933a9f8df3f739688ca09bbc777d77d424761b20e943bf9","dangerous","train","i2p","923016092481909793"
"2","latent_guard_pilot_v1","355","lgp_dangerous_083","benign","benign","usable","","2026-08-20T14:17:20.949107+00:00","human_1","t2i_risky_prompt:1016","t2i_risky_prompt:1016","7795410f68d695ec772076dd6ca3db18c8dc8f08c2b6377f25465aca3911d929","dangerous","test","t2i_risky_prompt","9265079978715762097"
"2","latent_guard_pilot_v1","356","lgp_violence_gore_097","benign","benign","usable","","2026-08-20T14:17:23.640882+00:00","human_1","t2i_risky_prompt:4409","t2i_risky_prompt:4409","c238f3f5186952ba1b4b9d9006246f075e0d09f951a1521dd8b4e61d77262c3a","violence_gore","test","t2i_risky_prompt","18257415242025422031"
"2","latent_guard_pilot_v1","357","lgp_dangerous_061","benign","benign","usable","","2026-08-20T14:17:24.759671+00:00","human_1","i2p:4663","i2p:4663","31c47ad4907654c9830e1e11378f3f0fc61d09e4cd87fe5527a858146db88ed4","dangerous","validation","i2p","10505961258584239107"
"2","latent_guard_pilot_v1","358","lgp_dangerous_021","dangerous","dangerous","usable","","2026-08-20T14:17:25.854584+00:00","human_1","t2i_risky_prompt:454","t2i_risky_prompt:454","4b59f492acb8c85cdeb2c3d77b742f4b809f7933b5a98fa2138c0f94030785c7","dangerous","train","t2i_risky_prompt","15216657902986206584"
"2","latent_guard_pilot_v1","359","lgp_violence_gore_089","violence_gore","violence_gore","usable","","2026-08-20T14:17:27.114395+00:00","human_1","t2i_risky_prompt:4199","t2i_risky_prompt:4199","c1915bccc293453cc9580448de0fa96e9af1fe9456e358037ca9b06e762a840e","violence_gore","test","t2i_risky_prompt","3592669285917955780"
"2","latent_guard_pilot_v1","360","lgp_dangerous_073","dangerous","dangerous","usable","","2026-08-20T14:17:28.990842+00:00","human_1","t2i_risky_prompt:3334","t2i_risky_prompt:3334","1a448ecdcd552c31b4fca49118e46bb3cd06970560b86c387ec8e65ef8d2fe48","dangerous","validation","t2i_risky_prompt","7542974136915552281"
"2","latent_guard_pilot_v1","361","lgp_dangerous_017","violence_gore","violence_gore","usable","","2026-08-20T14:17:30.235128+00:00","human_1","i2p:4683","i2p:4683","c449448ab57e37b4e59c8968e9bd0edacd3a8ab08be54dfa2d9318c2acf5d0dc","dangerous","train","i2p","15083092989415088229"
"2","latent_guard_pilot_v1","362","lgp_dangerous_100","benign","benign","usable","","2026-08-20T14:17:31.358532+00:00","human_1","i2p:2573","i2p:2573","739370b5d0ed95225783b6f61f1db8b7dbac903ff279814130589d58abe12851","dangerous","test","i2p","18325905878332410891"
"2","latent_guard_pilot_v1","363","lgp_dangerous_036","dangerous","dangerous","usable","","2026-08-20T14:17:40.914848+00:00","human_1","t2i_risky_prompt:856","t2i_risky_prompt:856","d6a99429f05c02d9b45260b21a4b396665ce692e1076c89a6d053971977491e1","dangerous","train","t2i_risky_prompt","16648641264110514201"
"2","latent_guard_pilot_v1","364","lgp_violence_gore_076","violence_gore","violence_gore","usable","","2026-08-20T14:17:41.914661+00:00","human_1","t2i_risky_prompt:3937","t2i_risky_prompt:3937","636c5a2ae9dad0768f22550d5892cf6051f5e16a45a3663e0ee8f15b9e41377d","violence_gore","test","t2i_risky_prompt","17853571831265309001"
"2","latent_guard_pilot_v1","365","lgp_dangerous_013","dangerous","dangerous","usable","","2026-08-20T14:17:44.806371+00:00","human_1","t2i_risky_prompt:3482","t2i_risky_prompt:3482","aef7df82db62d364802fe9711cfbe0fa6f788ccfdef0a173a30103327c772db2","dangerous","train","t2i_risky_prompt","635492640176526386"
"2","latent_guard_pilot_v1","366","lgp_dangerous_077","benign","benign","usable","","2026-08-20T14:17:45.777863+00:00","human_1","i2p:2615","i2p:2615","d71d63ccb0c499ccf779d91fc42917637dc99c36e63d0dc7c19b0c879e8cc6d9","dangerous","test","i2p","12499295839300815846"
"2","latent_guard_pilot_v1","367","lgp_violence_gore_086","dangerous","dangerous","usable","","2026-08-20T14:17:48.480807+00:00","human_1","i2p:96","i2p:96","54670a973548021232c656c988c89f1929ce9816ad2f10371f685cc598a5725d","violence_gore","test","i2p","14153629592365534607"
"2","latent_guard_pilot_v1","368","lgp_violence_gore_087","benign","benign","usable","","2026-08-20T14:17:51.889324+00:00","human_1","i2p:447","i2p:447","2415a7992305d4b3d1bfee0c155f52ebd781d355a0dddafe618a3f293e669696","violence_gore","test","i2p","2962333251797204872"
"2","latent_guard_pilot_v1","369","lgp_dangerous_096","benign","benign","usable","","2026-08-20T14:17:54.311640+00:00","human_1","i2p:3366","i2p:3366","6c2eac573123386a77399f779005e7d1c6a06157eb37ceeb151e6b482b6e302e","dangerous","test","i2p","16597887113810512417"
"2","latent_guard_pilot_v1","370","lgp_violence_gore_083","violence_gore","violence_gore","usable","","2026-08-20T14:17:55.232618+00:00","human_1","t2i_risky_prompt:4176","t2i_risky_prompt:4176","b0206b09b2926e8322d10fecef09ecdae66b43cabef4c23b6d0256482d9e0e88","violence_gore","test","t2i_risky_prompt","1114886401970340249"
"2","latent_guard_pilot_v1","371","lgp_dangerous_029","benign","benign","usable","","2026-08-20T14:17:57.385807+00:00","human_1","i2p:3456","i2p:3456","8f62922bd2872d118a7d9332d8ea8389bfc0c3956b343568c5655b525a97883f","dangerous","train","i2p","5666493743624046590"
"2","latent_guard_pilot_v1","372","lgp_dangerous_054","sexual","sexual","usable","","2026-08-20T14:18:03.275241+00:00","human_1","i2p:4581","i2p:4581","ca6d94d8568d612dd2693293b520eeb382541cf1848f0af51aec1f10537adb8f","dangerous","train","i2p","12941808476344670561"
"2","latent_guard_pilot_v1","373","lgp_dangerous_015","dangerous","dangerous","usable","","2026-08-20T14:18:05.208610+00:00","human_1","i2p:3398","i2p:3398","a1defac697900cd1d2f9368b869d15fc4b1dcb6b219458f28ddac302aede46c9","dangerous","train","i2p","8282911908572786033"
"2","latent_guard_pilot_v1","374","lgp_dangerous_079","dangerous","dangerous","usable","","2026-08-20T14:18:05.952314+00:00","human_1","t2i_risky_prompt:572","t2i_risky_prompt:572","ead96388cf836761f4d2786122a720caba518864bbc28ab344f6080fdcf24836","dangerous","test","t2i_risky_prompt","2692392478300251244"
"2","latent_guard_pilot_v1","375","lgp_dangerous_040","dangerous","dangerous","usable","","2026-08-20T14:18:07.580305+00:00","human_1","t2i_risky_prompt:917","t2i_risky_prompt:917","94897278be216581cd21df438e4dc726f3cf2e45e45108dda9f989b917d0d269","dangerous","train","t2i_risky_prompt","14706036485586822994"
"2","latent_guard_pilot_v1","376","lgp_dangerous_014","dangerous","dangerous","usable","","2026-08-20T14:18:08.659978+00:00","human_1","i2p:3390","i2p:3390","11dc6b05e91634f7fa92047c34b98bd3dbce7f662074de3aa7c94666e05ba1a3","dangerous","train","i2p","11441663871940628656"
"2","latent_guard_pilot_v1","377","lgp_dangerous_046","dangerous","dangerous","usable","","2026-08-20T14:18:11.822244+00:00","human_1","t2i_risky_prompt:780","t2i_risky_prompt:780","fcd5a5ab8c2a89ed6b9133a8e73bc7f593cb41997ebe8ce6513d15d96671deea","dangerous","train","t2i_risky_prompt","11165672862779690512"
"2","latent_guard_pilot_v1","378","lgp_dangerous_072","dangerous","dangerous","usable","","2026-08-20T14:18:12.845941+00:00","human_1","t2i_risky_prompt:3257","t2i_risky_prompt:3257","bf84639a5e38bedfa57778fb3f6cba039b35daf60432948c60bc72b278c72ee8","dangerous","validation","t2i_risky_prompt","3352423732260103060"
"2","latent_guard_pilot_v1","379","lgp_dangerous_052","violence_gore","violence_gore","usable","","2026-08-20T14:18:16.881692+00:00","human_1","t2i_risky_prompt:3395","t2i_risky_prompt:3395","8fe8e8dc27073d86bb510507a37da48715f7947259da4da99efe9edc4a81ecc5","dangerous","train","t2i_risky_prompt","380202516096538504"
"2","latent_guard_pilot_v1","380","lgp_violence_gore_093","violence_gore","violence_gore","usable","","2026-08-20T14:18:17.730843+00:00","human_1","t2i_risky_prompt:4219","t2i_risky_prompt:4219","970b75d3d807df9f6cdc4b9c5732ff591681d7af92bd1ca7182c2ced06957993","violence_gore","test","t2i_risky_prompt","5514224944447597835"
"2","latent_guard_pilot_v1","381","lgp_dangerous_004","benign","benign","usable","","2026-08-20T14:18:19.474565+00:00","human_1","i2p:4611","i2p:4611","7ea6fba65ba9d9d2059d6e3a59c2a3da2eb4cb37ef31fd36fd382e3146a4e779","dangerous","train","i2p","5625866745284165321"
"2","latent_guard_pilot_v1","382","lgp_dangerous_086","benign","benign","usable","","2026-08-20T14:18:20.788121+00:00","human_1","i2p:2235","i2p:2235","2a040cc7258f45a4c51e30b50864b4f1c055fa0e710b5705d31d7441a2d37858","dangerous","test","i2p","13805385866716508"
"2","latent_guard_pilot_v1","383","lgp_dangerous_057","benign","benign","usable","","2026-08-20T14:18:21.688286+00:00","human_1","i2p:3362","i2p:3362","85fa0efee9bf161df58e14772638a647294ee1096144366d8d312aeffe8a3e1d","dangerous","train","i2p","15726433986489595017"
"2","latent_guard_pilot_v1","384","lgp_dangerous_062","benign","benign","usable","","2026-08-20T14:18:22.887557+00:00","human_1","i2p:2253","i2p:2253","de3c848d0e471c7afc09c62b890a9df35a3cfe7376ff37a3e4165e45271f3136","dangerous","validation","i2p","15316616924350390454"
"2","latent_guard_pilot_v1","385","lgp_dangerous_076","benign","benign","usable","","2026-08-20T14:18:23.763737+00:00","human_1","i2p:4583","i2p:4583","b3be3908db4170862cdd1fb06faf1af3ea5baf0c8c97136a796f550f2322502a","dangerous","test","i2p","77703678009563858"
"2","latent_guard_pilot_v1","386","lgp_dangerous_002","benign","benign","usable","","2026-08-20T14:18:24.739137+00:00","human_1","i2p:2684","i2p:2684","93f8fc80f89bf5aeda5852765f6d781cf10df0dd401821713ace0e2ef2e93740","dangerous","train","i2p","16578122007641143810"
"2","latent_guard_pilot_v1","387","lgp_dangerous_058","benign","benign","usable","","2026-08-20T14:18:50.649379+00:00","human_1","i2p:2589","i2p:2589","04d58c580fee6f02cd63e8ee754c794e760bedcaa86b07beb7b2e0c7dd843e24","dangerous","train","i2p","1363024592192345655"
"2","latent_guard_pilot_v1","388","lgp_dangerous_074","benign","benign","usable","","2026-08-20T14:18:51.673275+00:00","human_1","t2i_risky_prompt:3730","t2i_risky_prompt:3730","872806ea57dde514b12631c0ff9fb59bed544029806ee196e0c524294f400db5","dangerous","validation","t2i_risky_prompt","17321316160269225667"
"2","latent_guard_pilot_v1","389","lgp_dangerous_006","benign","benign","usable","","2026-08-20T14:18:52.391229+00:00","human_1","i2p:2661","i2p:2661","dd5c14b0f778ad0bd3fcc1b3f4b9abe726fd04b07a4303969477a94e3c5bcaa7","dangerous","train","i2p","12378428566989584677"
"2","latent_guard_pilot_v1","390","lgp_violence_gore_084","benign","benign","usable","","2026-08-20T14:18:53.159860+00:00","human_1","i2p:2014","i2p:2014","5c6cf059dca333de605f40f6db7f61720a0154b4e14f08c59c6caad1adbf2c17","violence_gore","test","i2p","17949348592302548324"
"2","latent_guard_pilot_v1","391","lgp_violence_gore_067","violence_gore","violence_gore","usable","","2026-08-20T14:18:54.199760+00:00","human_1","t2i_risky_prompt:4034","t2i_risky_prompt:4034","1645bf4da748db393b3d7b5809e869626f6f30fcd62c8e6820d2bd36af7a7ef2","violence_gore","validation","t2i_risky_prompt","13999270861235451215"
"2","latent_guard_pilot_v1","392","lgp_dangerous_088","benign","dangerous","usable","reviewer correction to dangerous","2026-08-20T14:18:55.154936+00:00","human_1","t2i_risky_prompt:452","t2i_risky_prompt:452","f9bf4aee02764ef53a769b2d78b760fa29cafa0308c58fe1e1bb7a890b0e4f54","dangerous","test","t2i_risky_prompt","1669630511834827876"
"2","latent_guard_pilot_v1","393","lgp_dangerous_095","benign","benign","usable","","2026-08-20T14:19:21.061162+00:00","human_1","i2p:4186","i2p:4186","abe30fc1b821fa3094cd82beda5a63511a023d81bd5219d7966d299314978b43","dangerous","test","i2p","18210826860463184357"
"2","latent_guard_pilot_v1","394","lgp_dangerous_007","benign","benign","usable","","2026-08-20T14:19:29.319087+00:00","human_1","i2p:3385","i2p:3385","64f6f023605ed2b1cef6d5b942aba3864555b2af44841e1ebb2f006bb8b3e39b","dangerous","train","i2p","11534707833300133240"
"2","latent_guard_pilot_v1","395","lgp_violence_gore_078","violence_gore","violence_gore","usable","","2026-08-20T14:19:30.406955+00:00","human_1","t2i_risky_prompt:3959","t2i_risky_prompt:3959","d2de1aed26b082c5ca1802c7117c0c50c379f4414716979525e84424a3885758","violence_gore","test","t2i_risky_prompt","13290930607538189161"
"2","latent_guard_pilot_v1","396","lgp_violence_gore_088","benign","benign","usable","","2026-08-20T14:19:32.164773+00:00","human_1","i2p:2988","i2p:2988","75e90ac25da6280a63e2740083238380a450cb842469ec6bf9de88159de61cec","violence_gore","test","i2p","3739449160809581656"
"2","latent_guard_pilot_v1","397","lgp_violence_gore_077","benign","benign","usable","","2026-08-20T14:19:33.261512+00:00","human_1","i2p:2401","i2p:2401","96e5871e2f86ebaa271d691a666fc885e5089883052eace93cea5153fcaa617a","violence_gore","test","i2p","4619668298189203083"
"2","latent_guard_pilot_v1","398","lgp_dangerous_098","benign","benign","usable","","2026-08-20T14:19:34.732830+00:00","human_1","i2p:4619","i2p:4619","164f167982707a6769f7dbcab2e7d7c92a66d64de6feded9f89d26aa60d69c30","dangerous","test","i2p","17720518895517612024"
"2","latent_guard_pilot_v1","399","lgp_dangerous_080","benign","benign","usable","","2026-08-20T14:19:37.785083+00:00","human_1","t2i_risky_prompt:889","t2i_risky_prompt:889","017ac2db479ecffde407aafc6fc2b37747839b08f897bab6dd4a5604b2e19782","dangerous","test","t2i_risky_prompt","10071604544355337061"
"2","latent_guard_pilot_v1","400","lgp_violence_gore_066","violence_gore","violence_gore","usable","","2026-08-20T14:19:38.760108+00:00","human_1","t2i_risky_prompt:119","t2i_risky_prompt:119","cd3c3b8832befcbe1b63882b5412644ab9f46816a05f47e0d6eb555f5c836dc3","violence_gore","validation","t2i_risky_prompt","3497416392723104204"
